control,split,history_length,seed,n_horizons,geometric_mean_candidate_rmse_ratio_vs_control,candidate_seed_success
raw_matched,validation,4,5334086151564077557,3,0.0538278682141901,True
raw_matched,validation,4,9076691527785929283,3,0.00015491470649063116,True
raw_matched,validation,4,1488991049205644303,3,0.06938508497663666,True
raw_matched,validation,4,2506524397075762905,3,0.19309024361677324,True
raw_matched,validation,4,228973438714350052,3,0.14433221760818216,True
fixed_relational,validation,4,5334086151564077557,3,0.18775553254745528,True
fixed_relational,validation,4,9076691527785929283,3,0.14649911886157146,True
fixed_relational,validation,4,1488991049205644303,3,7.065729440465564e-22,True
fixed_relational,validation,4,2506524397075762905,3,2.34932551360818e-30,True
fixed_relational,validation,4,228973438714350052,3,0.5744001318914497,True
raw_ar,validation,4,5334086151564077557,3,1.4495812676650355,False
raw_ar,validation,4,9076691527785929283,3,1.2291283203807235,False
raw_ar,validation,4,1488991049205644303,3,1.4279491100483248,False
raw_ar,validation,4,2506524397075762905,3,1.3935425282508014,False
raw_ar,validation,4,228973438714350052,3,1.3133164058232718,False
persistence,validation,4,5334086151564077557,3,0.9741980272612852,True
persistence,validation,4,9076691527785929283,3,0.8001462433029767,True
persistence,validation,4,1488991049205644303,3,0.9841796466173878,True
persistence,validation,4,2506524397075762905,3,0.8868846707079014,True
persistence,validation,4,228973438714350052,3,0.8887189929211047,True
raw_matched,validation,8,5334086151564077557,3,0.008700573484792265,True
raw_matched,validation,8,9076691527785929283,3,0.00015859786964356824,True
raw_matched,validation,8,1488991049205644303,3,0.1052189043644352,True
raw_matched,validation,8,2506524397075762905,3,0.221538413890377,True
raw_matched,validation,8,228973438714350052,3,0.053992889736786766,True
fixed_relational,validation,8,5334086151564077557,3,0.16939589128545043,True
fixed_relational,validation,8,9076691527785929283,3,0.49821847916686957,True
fixed_relational,validation,8,1488991049205644303,3,2.096881893550604e-21,True
fixed_relational,validation,8,2506524397075762905,3,7.659529389353121e-33,True
fixed_relational,validation,8,228973438714350052,3,0.5567132010869013,True
raw_ar,validation,8,5334086151564077557,3,1.8716559721946369,False
raw_ar,validation,8,9076691527785929283,3,1.4254781347197916,False
raw_ar,validation,8,1488991049205644303,3,1.837210514154242,False
raw_ar,validation,8,2506524397075762905,3,2.002872569348786,False
raw_ar,validation,8,228973438714350052,3,1.608713632741906,False
persistence,validation,8,5334086151564077557,3,0.9875439959824637,True
persistence,validation,8,9076691527785929283,3,0.7399504951063723,True
persistence,validation,8,1488991049205644303,3,1.0109992171383568,False
persistence,validation,8,2506524397075762905,3,1.033894694246915,False
persistence,validation,8,228973438714350052,3,0.8717540391263413,True
raw_matched,validation,16,5334086151564077557,3,0.002032748780079632,True
raw_matched,validation,16,9076691527785929283,3,4.717560946765439e-05,True
raw_matched,validation,16,1488991049205644303,3,0.04629273540948456,True
raw_matched,validation,16,2506524397075762905,3,0.5957269555845643,True
raw_matched,validation,16,228973438714350052,3,0.26025980101127116,True
fixed_relational,validation,16,5334086151564077557,3,1.2621443681468164e-05,True
fixed_relational,validation,16,9076691527785929283,3,0.3848518709665791,True
fixed_relational,validation,16,1488991049205644303,3,1.7288391906469383e-26,True
fixed_relational,validation,16,2506524397075762905,3,2.5662187219737022e-37,True
fixed_relational,validation,16,228973438714350052,3,0.6664301873160124,True
raw_ar,validation,16,5334086151564077557,3,2.898619859801435,False
raw_ar,validation,16,9076691527785929283,3,1.7282042962935966,False
raw_ar,validation,16,1488991049205644303,3,3.0133430201975413,False
raw_ar,validation,16,2506524397075762905,3,2.626272902593009,False
raw_ar,validation,16,228973438714350052,3,2.664048845074242,False
persistence,validation,16,5334086151564077557,3,1.222116502172696,False
persistence,validation,16,9076691527785929283,3,0.7225391647546676,True
persistence,validation,16,1488991049205644303,3,1.3119963677212552,False
persistence,validation,16,2506524397075762905,3,1.0648399460933977,False
persistence,validation,16,228973438714350052,3,1.1375302845776614,False
raw_matched,test,4,5334086151564077557,3,0.07925062587686318,True
raw_matched,test,4,9076691527785929283,3,9.34326493840667e-05,True
raw_matched,test,4,1488991049205644303,3,0.05158742308066899,True
raw_matched,test,4,2506524397075762905,3,0.1663148946726174,True
raw_matched,test,4,228973438714350052,3,0.1690708866589248,True
fixed_relational,test,4,5334086151564077557,3,0.3007642848504002,True
fixed_relational,test,4,9076691527785929283,3,0.21084256095323367,True
fixed_relational,test,4,1488991049205644303,3,1.92605718375419e-22,True
fixed_relational,test,4,2506524397075762905,3,3.1502381500004384e-32,True
fixed_relational,test,4,228973438714350052,3,0.6785127963456516,True
raw_ar,test,4,5334086151564077557,3,1.5076282587870007,False
raw_ar,test,4,9076691527785929283,3,1.277330445641634,False
raw_ar,test,4,1488991049205644303,3,1.476424967531656,False
raw_ar,test,4,2506524397075762905,3,1.4115955730919236,False
raw_ar,test,4,228973438714350052,3,1.262694466135434,False
persistence,test,4,5334086151564077557,3,0.9161093113925353,True
persistence,test,4,9076691527785929283,3,0.8469535253078532,True
persistence,test,4,1488991049205644303,3,0.8886784047378332,True
persistence,test,4,2506524397075762905,3,0.9544130161486424,True
persistence,test,4,228973438714350052,3,0.8087166729526973,True
raw_matched,test,8,5334086151564077557,3,0.008975641359483508,True
raw_matched,test,8,9076691527785929283,3,7.994216947057507e-05,True
raw_matched,test,8,1488991049205644303,3,0.12808647734223205,True
raw_matched,test,8,2506524397075762905,3,0.1759864900569546,True
raw_matched,test,8,228973438714350052,3,0.06537733186620885,True
fixed_relational,test,8,5334086151564077557,3,0.26318745578073655,True
fixed_relational,test,8,9076691527785929283,3,0.6128241349938465,True
fixed_relational,test,8,1488991049205644303,3,4.957404023990212e-23,True
fixed_relational,test,8,2506524397075762905,3,1.3253534842147508e-33,True
fixed_relational,test,8,228973438714350052,3,0.6489376569282573,True
raw_ar,test,8,5334086151564077557,3,1.949858030078638,False
raw_ar,test,8,9076691527785929283,3,1.5666076004713914,False
raw_ar,test,8,1488991049205644303,3,1.7554502535298495,False
raw_ar,test,8,2506524397075762905,3,1.9720628884246318,False
raw_ar,test,8,228973438714350052,3,1.5348804956214799,False
persistence,test,8,5334086151564077557,3,0.9398456676250286,True
persistence,test,8,9076691527785929283,3,0.822045162791623,True
persistence,test,8,1488991049205644303,3,0.8434877726223594,True
persistence,test,8,2506524397075762905,3,1.06475387809385,False
persistence,test,8,228973438714350052,3,0.7838349761098566,True
raw_matched,test,16,5334086151564077557,3,0.0018991160073846753,True
raw_matched,test,16,9076691527785929283,3,3.994765173028317e-05,True
raw_matched,test,16,1488991049205644303,3,0.039683098307065554,True
raw_matched,test,16,2506524397075762905,3,0.6313931574039594,True
raw_matched,test,16,228973438714350052,3,0.236607388439733,True
fixed_relational,test,16,5334086151564077557,3,0.35775909030362135,True
fixed_relational,test,16,9076691527785929283,3,0.4380328155436422,True
fixed_relational,test,16,1488991049205644303,3,5.0464127521893076e-27,True
fixed_relational,test,16,2506524397075762905,3,6.376479525714509e-38,True
fixed_relational,test,16,228973438714350052,3,0.8959616460439287,True
raw_ar,test,16,5334086151564077557,3,2.6826857023449837,False
raw_ar,test,16,9076691527785929283,3,1.9559752731829456,False
raw_ar,test,16,1488991049205644303,3,2.8275087048976104,False
raw_ar,test,16,2506524397075762905,3,2.8857754408864156,False
raw_ar,test,16,228973438714350052,3,2.9076972310527016,False
persistence,test,16,5334086151564077557,3,1.0673025844653763,False
persistence,test,16,9076691527785929283,3,0.8380850723896516,True
persistence,test,16,1488991049205644303,3,1.1227715130539413,False
persistence,test,16,2506524397075762905,3,1.222794773088706,False
persistence,test,16,228973438714350052,3,1.1351180983359643,False
