representation,role,causal_scope,split,horizon,context_length,tolerance,selected_parameters,n_seeds,n_successes,n_failures,rmse_mean,rmse_median,rmse_ratio_vs_raw_mean,candidate_rmse_ratio_vs_control_mean,candidate_rmse_ratio_vs_control_median,candidate_predictive_advantage_rate,candidate_pareto_rate,robust_predictive_cell,robust_pareto_cell,mean_input_steps,mean_input_scalar_elements,n_pooled_features,n_model_parameters,representation_runtime_median_s
abba_geometry,external_control,window_offline,test,1,32,,"0.1,0.3",5,5,0,0.018797217054871102,0.018669121795794916,1.1606116970401092,0.8784779097035592,0.8458661123583253,0.8,0.0,True,False,1.0,4.0,12,13,0.1439829
abba_geometry,external_control,window_offline,test,1,64,,"0.03,0.3",5,5,0,0.04336699900180996,0.018886508951720546,2.1643641532028504,0.5960755075195803,0.8270318511207753,1.0,0.0,True,False,1.1932773109243695,4.773109243697478,12,13,0.2060029
abba_geometry,external_control,window_offline,test,1,128,,"0.03,0.1",5,5,0,0.018893956764759134,0.01913751429698517,0.8107541461685439,0.8335445073630549,0.8740614125448921,1.0,0.0,True,False,1.6515406162464987,6.606162464985995,12,13,0.3998954
abba_geometry,external_control,window_offline,test,4,32,,"0.1,0.3",5,5,0,0.05623761258307447,0.05621095174099939,1.4197156061429836,0.6452776621959114,0.5931472519221698,1.0,0.0,True,False,1.0,4.0,12,13,0.1429143
abba_geometry,external_control,window_offline,test,4,64,,0.3,5,5,0,0.15817024944800046,0.09190108976558953,2.522316892174411,0.2371794659005746,0.3062647928453911,1.0,0.0,True,False,1.0879120879120878,4.351648351648351,12,13,0.2022171
abba_geometry,external_control,window_offline,test,4,128,,"0.03,0.1",5,5,0,0.05566492492688506,0.05606241459400116,0.7169007354646549,0.5966925541752918,0.5943413597494214,1.0,0.0,True,False,1.5961538461538463,6.384615384615385,12,13,0.4099576
abba_geometry,external_control,window_offline,test,16,32,,"0.1,0.3",5,5,0,0.2721913399931899,0.27240902988127275,1.333884780143174,0.6822396195062359,0.5351102041596979,0.8,0.0,True,False,1.0,4.0,12,13,0.1416002
abba_geometry,external_control,window_offline,test,16,64,,0.3,5,5,0,0.7512073952385161,0.6508282656994033,2.6693285070816297,0.24914048477594966,0.24882684057567744,1.0,0.0,True,False,1.0714285714285714,4.285714285714286,12,13,0.2018707
abba_geometry,external_control,window_offline,test,16,128,,"0.03,0.1",5,5,0,0.32718270230361923,0.3366228834827013,1.0692222680747765,0.6149612889174734,0.6193101884956385,1.0,0.0,True,False,1.5862637362637362,6.345054945054945,12,13,0.4061423
abba_geometry,external_control,window_offline,validation,1,32,,"0.1,0.3",5,5,0,0.017994443300092748,0.018438529673838137,1.121197784745247,0.9419598991677687,0.9083862595221448,0.8,0.0,True,False,1.0,4.0,12,13,0.1439829
abba_geometry,external_control,window_offline,validation,1,64,,"0.03,0.3",5,5,0,0.04302377537083716,0.019409740851414795,2.249469529187814,0.5979726894951749,0.8255854408175304,1.0,0.0,True,False,1.1731092436974788,4.692436974789915,12,13,0.2060029
abba_geometry,external_control,window_offline,validation,1,128,,"0.03,0.1",5,5,0,0.019387355592895835,0.01979393363690732,0.8623849146280792,0.8227399558632204,0.8034516225428349,1.0,0.0,True,False,1.5955182072829133,6.382072829131653,12,13,0.3998954
abba_geometry,external_control,window_offline,validation,4,32,,"0.1,0.3",5,5,0,0.05083103566577722,0.05084319982480234,1.4327724999779081,0.7118117318592552,0.6921824022849379,0.8,0.0,True,False,1.0,4.0,12,13,0.1429143
abba_geometry,external_control,window_offline,validation,4,64,,0.3,5,5,0,0.15310091428716782,0.09334220546417071,2.7307052486307883,0.23383072466428306,0.29245205466378116,1.0,0.0,True,False,1.0588235294117647,4.235294117647059,12,13,0.2022171
abba_geometry,external_control,window_offline,validation,4,128,,"0.03,0.1",5,5,0,0.0556684955446312,0.05506305207786427,0.7519823966261083,0.5790142183925587,0.5729889884073514,1.0,0.0,True,False,1.542296918767507,6.169187675070028,12,13,0.4099576
abba_geometry,external_control,window_offline,validation,16,32,,"0.1,0.3",5,5,0,0.24172266148283014,0.2415872449612145,1.351905317082124,0.7696609376835903,0.6270186277994308,0.6,0.0,False,False,1.0,4.0,12,13,0.1416002
abba_geometry,external_control,window_offline,validation,16,64,,0.3,5,5,0,0.81406050813913,0.6970176855744808,3.1264097853372377,0.21904602739924584,0.2042192830506694,1.0,0.0,True,False,1.0588235294117647,4.235294117647059,12,13,0.2018707
abba_geometry,external_control,window_offline,validation,16,128,,"0.03,0.1",5,5,0,0.3058616144370673,0.3070040140642809,1.0232590540722533,0.5713414760163807,0.5606259406464588,1.0,0.0,True,False,1.5322128851540617,6.128851540616247,12,13,0.4061423
absolute_geometry,candidate,strict_online,test,1,32,0.1,,5,5,0,0.016501544575727493,0.015774974830708905,1.0195054128937837,,,,,False,False,1.2229691876750701,4.8918767507002805,12,13,0.7943561
absolute_geometry,candidate,strict_online,test,1,64,0.1,,5,5,0,0.01558361306089486,0.015569799840693437,0.7794622672021206,,,,,False,False,1.6789915966386555,6.715966386554622,12,13,1.4081034
absolute_geometry,candidate,strict_online,test,1,128,0.1,,5,5,0,0.015590566307296915,0.015424360763788919,0.6688844792268698,,,,,False,False,2.611764705882353,10.447058823529412,12,13,2.6828323
absolute_geometry,candidate,strict_online,test,4,32,0.1,,5,5,0,0.03627585872023946,0.033618064044074934,0.9165054443471709,,,,,False,False,1.2241758241758243,4.896703296703297,12,13,0.7762212
absolute_geometry,candidate,strict_online,test,4,64,0.1,,5,5,0,0.028158908615808893,0.027912341309883792,0.449054782716454,,,,,False,False,1.6796703296703295,6.718681318681318,12,13,1.4188549
absolute_geometry,candidate,strict_online,test,4,128,0.1,,5,5,0,0.033195072053453366,0.03331318193998074,0.427523298728823,,,,,False,False,2.6137362637362633,10.454945054945053,12,13,2.6991958
absolute_geometry,candidate,strict_online,test,16,32,0.1,,5,5,0,0.18566134890941616,0.14562645260098758,0.9099607866795498,,,,,False,False,1.2241758241758243,4.896703296703297,12,13,0.7667625
absolute_geometry,candidate,strict_online,test,16,64,0.1,,5,5,0,0.16101520284077292,0.15779186439485648,0.5718743767182464,,,,,False,False,1.6785714285714284,6.7142857142857135,12,13,1.4007134
absolute_geometry,candidate,strict_online,test,16,128,0.1,,5,5,0,0.2011435841900429,0.2057076998093565,0.657336303204519,,,,,False,False,2.6142857142857143,10.457142857142857,12,13,2.6854954
absolute_geometry,candidate,strict_online,validation,1,32,0.1,,5,5,0,0.01687130993831332,0.01638833721170279,1.0564142237941816,,,,,False,False,1.2106442577030812,4.842577030812325,12,13,0.7943561
absolute_geometry,candidate,strict_online,validation,1,64,0.1,,5,5,0,0.01602269093062939,0.01606684474148961,0.8511400900853353,,,,,False,False,1.673389355742297,6.693557422969188,12,13,1.4081034
absolute_geometry,candidate,strict_online,validation,1,128,0.1,,5,5,0,0.015895537820601793,0.015903468097078384,0.7047398564776065,,,,,False,False,2.630252100840336,10.521008403361344,12,13,2.6828323
absolute_geometry,candidate,strict_online,validation,4,32,0.1,,5,5,0,0.036184560932652376,0.035260468455931705,1.0193309778215813,,,,,False,False,1.2106442577030812,4.842577030812325,12,13,0.7762212
absolute_geometry,candidate,strict_online,validation,4,64,0.1,,5,5,0,0.027165123127441453,0.027298119774845545,0.48439684114007664,,,,,False,False,1.6722689075630253,6.689075630252101,12,13,1.4188549
absolute_geometry,candidate,strict_online,validation,4,128,0.1,,5,5,0,0.03220413045036951,0.031619542278915114,0.43508651201999704,,,,,False,False,2.6291316526610644,10.516526610644258,12,13,2.6991958
absolute_geometry,candidate,strict_online,validation,16,32,0.1,,5,5,0,0.18585106141453575,0.1514797028294257,1.0404927621429836,,,,,False,False,1.2106442577030812,4.842577030812325,12,13,0.7667625
absolute_geometry,candidate,strict_online,validation,16,64,0.1,,5,5,0,0.15062178546888066,0.15424986665189677,0.5779047657823476,,,,,False,False,1.6649859943977592,6.659943977591037,12,13,1.4007134
absolute_geometry,candidate,strict_online,validation,16,128,0.1,,5,5,0,0.17466432631281978,0.1798590883501977,0.5843551322640274,,,,,False,False,2.6179271708683474,10.47170868347339,12,13,2.6854954
ewma_geometry,causal_control,strict_online,test,1,32,,"0.2,0.8",5,5,0,0.021985086549534308,0.021614864264804,1.3575930535284744,0.7517510263263322,0.7424866217275803,1.0,1.0,True,True,31.0,124.0,12,13,0.1360263
ewma_geometry,causal_control,strict_online,test,1,64,,0.2,5,5,0,0.01955678893975062,0.01909620891381481,0.9785972880642495,0.7969765941529823,0.8076802634861937,1.0,1.0,True,True,63.0,252.0,12,13,0.1525646
ewma_geometry,causal_control,strict_online,test,1,128,,0.2,5,5,0,0.016296181315112422,0.01619824331837729,0.6990660990622877,0.9569377030081234,0.9522242912779076,1.0,1.0,True,True,127.0,508.0,12,13,0.1854521
ewma_geometry,causal_control,strict_online,test,4,32,,"0.2,0.5",5,5,0,0.04335434327320382,0.04017508687909358,1.094317278441906,0.8507611863426081,0.7292633555656154,0.8,0.8,True,True,31.0,124.0,12,13,0.1339785
ewma_geometry,causal_control,strict_online,test,4,64,,0.2,5,5,0,0.03190106246974927,0.03205515762223421,0.5086929105619635,0.883205556211953,0.858470069033123,1.0,1.0,True,True,63.0,252.0,12,13,0.1514252
ewma_geometry,causal_control,strict_online,test,4,128,,0.2,5,5,0,0.03228901133035038,0.03268001439536954,0.415850635842939,1.028698468410705,1.0290078592696832,0.2,0.2,False,False,127.0,508.0,12,13,0.1846662
ewma_geometry,causal_control,strict_online,test,16,32,,"0.2,0.5",5,5,0,0.1941896418361973,0.160637949490554,0.9513862854991201,0.9834651228425519,0.9261460198225424,0.6,0.6,False,False,31.0,124.0,12,13,0.133797
ewma_geometry,causal_control,strict_online,test,16,64,,0.2,5,5,0,0.1471992394677596,0.14676856307643474,0.5227547060917633,1.094578765442777,1.0541946216352651,0.0,0.0,False,False,63.0,252.0,12,13,0.1531688
ewma_geometry,causal_control,strict_online,test,16,128,,0.2,5,5,0,0.18180994214080098,0.18205140864776442,0.5941534633622793,1.1072099568197302,1.1423728483210236,0.2,0.2,False,False,127.0,508.0,12,13,0.1836541
ewma_geometry,causal_control,strict_online,validation,1,32,,"0.2,0.8",5,5,0,0.020930588389860123,0.020963404394300972,1.3046248736317774,0.8099135485137199,0.7817593413481094,1.0,1.0,True,True,31.0,124.0,12,13,0.1360263
ewma_geometry,causal_control,strict_online,validation,1,64,,0.2,5,5,0,0.019570397117450813,0.019977387459015467,1.0374018066131139,0.8214611489390613,0.7984325798664328,1.0,1.0,True,True,63.0,252.0,12,13,0.1525646
ewma_geometry,causal_control,strict_online,validation,1,128,,0.2,5,5,0,0.016585931907430598,0.016625866374635624,0.7346558867641079,0.9591329039356505,0.9574138105755587,1.0,1.0,True,True,127.0,508.0,12,13,0.1854521
ewma_geometry,causal_control,strict_online,validation,4,32,,"0.2,0.5",5,5,0,0.04225088091201592,0.039123937807851276,1.1891970240984546,0.8705464745237276,0.7265102976424782,0.8,0.8,True,True,31.0,124.0,12,13,0.1339785
ewma_geometry,causal_control,strict_online,validation,4,64,,0.2,5,5,0,0.03043653940578031,0.03035842928328075,0.5426614157858344,0.8937913937804443,0.8739281066862543,1.0,1.0,True,True,63.0,252.0,12,13,0.1514252
ewma_geometry,causal_control,strict_online,validation,4,128,,0.2,5,5,0,0.03057888647864938,0.030037124392838944,0.4130547623578854,1.0545201398802142,1.0149548579264276,0.2,0.4,False,False,127.0,508.0,12,13,0.1846662
ewma_geometry,causal_control,strict_online,validation,16,32,,"0.2,0.5",5,5,0,0.1923760850502167,0.1580959593982521,1.0758292576994033,0.9984175111036071,0.9765340987697525,0.6,0.6,False,False,31.0,124.0,12,13,0.133797
ewma_geometry,causal_control,strict_online,validation,16,64,,0.2,5,5,0,0.13132736717686494,0.1304122365300053,0.5038541983804464,1.1468513850346234,1.1596599525750426,0.0,0.0,False,False,63.0,252.0,12,13,0.1531688
ewma_geometry,causal_control,strict_online,validation,16,128,,0.2,5,5,0,0.1618410449061683,0.16152500707290168,0.5414222872774223,1.0800368499928141,1.0922543879800333,0.2,0.2,False,False,127.0,508.0,12,13,0.1836541
first_difference,baseline,strict_online,test,1,32,,,5,5,0,0.02091522183875479,0.021010094696309572,1.2925571726999756,,,,,False,False,31.0,31.0,3,4,0.0807673
first_difference,baseline,strict_online,test,1,64,,,5,5,0,0.027649809160866873,0.0278570580713848,1.3855916650972238,,,,,False,False,63.0,63.0,3,4,0.0683352
first_difference,baseline,strict_online,test,1,128,,,5,5,0,0.02420693332078524,0.024073298174686477,1.0389395363380083,,,,,False,False,127.0,127.0,3,4,0.0639361
first_difference,baseline,strict_online,test,4,32,,,5,5,0,0.057464092965665126,0.057447486972918134,1.4507666068661837,,,,,False,False,31.0,31.0,3,4,0.0704938
first_difference,baseline,strict_online,test,4,64,,,5,5,0,0.07927765042613802,0.07954134888893538,1.2642252267198277,,,,,False,False,63.0,63.0,3,4,0.069456
first_difference,baseline,strict_online,test,4,128,,,5,5,0,0.06624808441278612,0.06657358625267894,0.8532424378010918,,,,,False,False,127.0,127.0,3,4,0.0626172
first_difference,baseline,strict_online,test,16,32,,,5,5,0,0.262211988771542,0.263484052011262,1.2849624318153752,,,,,False,False,31.0,31.0,3,4,0.0688725
first_difference,baseline,strict_online,test,16,64,,,5,5,0,0.31449204638690315,0.31460222505451735,1.1168870820213175,,,,,False,False,63.0,63.0,3,4,0.0670322
first_difference,baseline,strict_online,test,16,128,,,5,5,0,0.24287884132787294,0.24326769573725232,0.7937389147791984,,,,,False,False,127.0,127.0,3,4,0.0618396
first_difference,baseline,strict_online,validation,1,32,,,5,5,0,0.019356996771762353,0.019667308290078143,1.2065555609582101,,,,,False,False,31.0,31.0,3,4,0.0807673
first_difference,baseline,strict_online,validation,1,64,,,5,5,0,0.026004323600967626,0.026343107103082537,1.3815299098549696,,,,,False,False,63.0,63.0,3,4,0.0683352
first_difference,baseline,strict_online,validation,1,128,,,5,5,0,0.024439199914772593,0.025099143678640537,1.082254412218877,,,,,False,False,127.0,127.0,3,4,0.0639361
first_difference,baseline,strict_online,validation,4,32,,,5,5,0,0.05211254474817428,0.05210197574868698,1.4689309269945692,,,,,False,False,31.0,31.0,3,4,0.0704938
first_difference,baseline,strict_online,validation,4,64,,,5,5,0,0.07443415977393042,0.07427851461755108,1.3272723800556778,,,,,False,False,63.0,63.0,3,4,0.069456
first_difference,baseline,strict_online,validation,4,128,,,5,5,0,0.06696671877330751,0.06703325020004686,0.9046351134721377,,,,,False,False,127.0,127.0,3,4,0.0626172
first_difference,baseline,strict_online,validation,16,32,,,5,5,0,0.23654502115773504,0.23749190425086927,1.322940833735934,,,,,False,False,31.0,31.0,3,4,0.0688725
first_difference,baseline,strict_online,validation,16,64,,,5,5,0,0.29664067760404056,0.29674669288827643,1.1381392249607352,,,,,False,False,63.0,63.0,3,4,0.0670322
first_difference,baseline,strict_online,validation,16,128,,,5,5,0,0.2531594079427052,0.25331020022096534,0.846939927767778,,,,,False,False,127.0,127.0,3,4,0.0618396
fixed_geometry,causal_control,forecast_causal_fixed_boundaries,test,1,32,,32,5,5,0,0.018797217054871102,0.018669121795794916,1.1606116970401092,0.8784779097035592,0.8458661123583253,0.8,0.0,True,False,1.0,4.0,12,13,0.1383186
fixed_geometry,causal_control,forecast_causal_fixed_boundaries,test,1,64,,"16,32",5,5,0,0.016249375626379445,0.016062171924609337,0.8131254451033334,0.958724480046857,0.9671510058953543,1.0,1.0,True,True,2.4,9.6,12,13,0.142714
fixed_geometry,causal_control,forecast_causal_fixed_boundaries,test,1,128,,32,5,5,0,0.01891569408246168,0.01883091037835686,0.8118560165495416,0.824038189494852,0.8190979859113329,1.0,1.0,True,True,4.0,16.0,12,13,0.1344626
fixed_geometry,causal_control,forecast_causal_fixed_boundaries,test,4,32,,"16,32",5,5,0,0.04478391851820316,0.055962283251964166,1.130254801629539,0.9002355720666826,0.9045044129822524,0.6,0.0,False,False,1.4,5.6,12,13,0.1455516
fixed_geometry,causal_control,forecast_causal_fixed_boundaries,test,4,64,,"16,8",5,5,0,0.027193404569527048,0.02729365034053551,0.4336311449661343,1.0357175974094492,1.0226679451677971,0.0,0.2,False,False,4.8,19.2,12,13,0.1493958
fixed_geometry,causal_control,forecast_causal_fixed_boundaries,test,4,128,,"32,8",5,5,0,0.039445891564533146,0.028203722024924494,0.5082885038572171,0.9426914468493784,1.1172856920961007,0.4,0.4,False,False,11.2,44.8,12,13,0.1365021
fixed_geometry,causal_control,forecast_causal_fixed_boundaries,test,16,32,,"16,32,8",5,5,0,0.1956602034461251,0.14817921653495086,0.9591640606848177,1.031918602653873,0.9080849944746135,0.6,0.2,False,False,2.0,8.0,12,13,0.1436714
fixed_geometry,causal_control,forecast_causal_fixed_boundaries,test,16,64,,"16,8",5,5,0,0.13548648689553172,0.13363341955219443,0.4811951233487603,1.1902322804477687,1.2118491141961558,0.0,0.0,False,False,6.4,25.6,12,13,0.1420673
fixed_geometry,causal_control,forecast_causal_fixed_boundaries,test,16,128,,32,5,5,0,0.2844354588496424,0.2843551870415467,0.9295473505434704,0.7072142144423007,0.7231183768495818,1.0,1.0,True,True,4.0,16.0,12,13,0.1322333
fixed_geometry,causal_control,forecast_causal_fixed_boundaries,validation,1,32,,32,5,5,0,0.017994443300092748,0.018438529673838137,1.121197784745247,0.9419598991677687,0.9083862595221448,0.8,0.0,True,False,1.0,4.0,12,13,0.1383186
fixed_geometry,causal_control,forecast_causal_fixed_boundaries,validation,1,64,,"16,32",5,5,0,0.016189416683959866,0.01641452808553462,0.8598359140493752,0.9900402163004145,0.9928652604778271,0.4,1.0,False,True,2.4,9.6,12,13,0.142714
fixed_geometry,causal_control,forecast_causal_fixed_boundaries,validation,1,128,,32,5,5,0,0.017950690056585828,0.018159764385263157,0.795561785908931,0.8862820627417903,0.8784464017673563,1.0,1.0,True,True,4.0,16.0,12,13,0.1344626
fixed_geometry,causal_control,forecast_causal_fixed_boundaries,validation,4,32,,"16,32",5,5,0,0.0413451779289426,0.05069324951683186,1.166219516218225,0.9441022083118217,1.0100978456299519,0.4,0.0,False,False,1.4,5.6,12,13,0.1455516
fixed_geometry,causal_control,forecast_causal_fixed_boundaries,validation,4,64,,"16,8",5,5,0,0.02538707872614443,0.025745291887692413,0.4526543723385161,1.0708168236228528,1.065448701285061,0.0,0.0,False,False,4.8,19.2,12,13,0.1493958
fixed_geometry,causal_control,forecast_causal_fixed_boundaries,validation,4,128,,"32,8",5,5,0,0.03583874213477838,0.026797745729417972,0.4845539343180457,0.9772679578811807,1.1704612149140319,0.4,0.4,False,False,11.2,44.8,12,13,0.1365021
fixed_geometry,causal_control,forecast_causal_fixed_boundaries,validation,16,32,,"16,32,8",5,5,0,0.18116047404666982,0.14400175894038092,1.0138510335394457,1.0834435558334023,1.0351325104224178,0.4,0.2,False,False,2.0,8.0,12,13,0.1436714
fixed_geometry,causal_control,forecast_causal_fixed_boundaries,validation,16,64,,"16,8",5,5,0,0.11772617201613292,0.11342330041881013,0.45169077985527395,1.2818676217127376,1.2502120816323263,0.0,0.0,False,False,6.4,25.6,12,13,0.1420673
fixed_geometry,causal_control,forecast_causal_fixed_boundaries,validation,16,128,,32,5,5,0,0.2559252911826547,0.2559164904326529,0.8561831503354611,0.6825445734188099,0.7025635525083576,1.0,1.0,True,True,4.0,16.0,12,13,0.1322333
local_geometry,primary_control,strict_online,test,1,32,,1,5,5,0,0.02092201837735911,0.020992927203702928,1.293224130629144,0.7901516046820003,0.7790926174680314,1.0,1.0,True,True,31.0,124.0,12,13,0.1169126
local_geometry,primary_control,strict_online,test,1,64,,1,5,5,0,0.028344902694953517,0.028530359872761202,1.4209572185101,0.5502749015208608,0.5513906810592728,1.0,1.0,True,True,63.0,252.0,12,13,0.1114201
local_geometry,primary_control,strict_online,test,1,128,,1,5,5,0,0.024949813506100454,0.024961700071289294,1.071689056581425,0.6260324856700213,0.6252817410675329,1.0,1.0,True,True,127.0,508.0,12,13,0.115702
local_geometry,primary_control,strict_online,test,4,32,,1,5,5,0,0.05738932459492866,0.05695245702098831,1.4488516135433858,0.6331806004069879,0.5931393902860429,1.0,1.0,True,True,31.0,124.0,12,13,0.1118729
local_geometry,primary_control,strict_online,test,4,64,,1,5,5,0,0.08098036212901749,0.08134484150016223,1.2914022942568937,0.3477953209772776,0.34714978149304504,1.0,1.0,True,True,63.0,252.0,12,13,0.1127819
local_geometry,primary_control,strict_online,test,4,128,,1,5,5,0,0.0683001957317039,0.06841686338809619,0.8797060051687758,0.4862250447460282,0.48069314383590256,1.0,1.0,True,True,127.0,508.0,12,13,0.1156012
local_geometry,primary_control,strict_online,test,16,32,,1,5,5,0,0.2617268990689733,0.2633897738963702,1.2825721455990602,0.7103755796064923,0.5528933429977574,0.8,0.8,True,True,31.0,124.0,12,13,0.1137306
local_geometry,primary_control,strict_online,test,16,64,,1,5,5,0,0.31821528420942014,0.3168516670540993,1.1301262301595094,0.5058870743449573,0.4979991611277055,1.0,1.0,True,True,63.0,252.0,12,13,0.1110312
local_geometry,primary_control,strict_online,test,16,128,,1,5,5,0,0.25385815279102475,0.25326791771730284,0.8296406694164318,0.7928790121382282,0.8122138076681589,1.0,1.0,True,True,127.0,508.0,12,13,0.1147937
local_geometry,primary_control,strict_online,validation,1,32,,1,5,5,0,0.01935855333850856,0.019481658607012634,1.2068114910290466,0.8747225158384936,0.8597474855388751,0.8,0.8,True,True,31.0,124.0,12,13,0.1169126
local_geometry,primary_control,strict_online,validation,1,64,,1,5,5,0,0.02712506785812655,0.026658105594550417,1.4421850959638047,0.5921449928782591,0.5815445368466814,1.0,1.0,True,True,63.0,252.0,12,13,0.1114201
local_geometry,primary_control,strict_online,validation,1,128,,1,5,5,0,0.0257775502486782,0.025342133570516533,1.1417970868184482,0.6179362419135364,0.6095876444301549,1.0,1.0,True,True,127.0,508.0,12,13,0.115702
local_geometry,primary_control,strict_online,validation,4,32,,1,5,5,0,0.05245523820509982,0.05266379422336468,1.4786764696894448,0.6898095076643473,0.6923853790966481,1.0,1.0,True,True,31.0,124.0,12,13,0.1118729
local_geometry,primary_control,strict_online,validation,4,64,,1,5,5,0,0.07760392028478864,0.07854716063011442,1.3839251291735024,0.35054151369745973,0.3507435096629882,1.0,1.0,True,True,63.0,252.0,12,13,0.1127819
local_geometry,primary_control,strict_online,validation,4,128,,1,5,5,0,0.07144316401264093,0.07154885033412361,0.9651467506724337,0.45119344600669375,0.4620760192470541,1.0,1.0,True,True,127.0,508.0,12,13,0.1156012
local_geometry,primary_control,strict_online,validation,16,32,,1,5,5,0,0.23836095768037852,0.2403481641843044,1.3331556540434404,0.7771614823035566,0.6503090795461086,0.6,0.6,False,False,31.0,124.0,12,13,0.1137306
local_geometry,primary_control,strict_online,validation,16,64,,1,5,5,0,0.3004517747589857,0.2983695687508284,1.1528121325768255,0.5021411321749656,0.5167861946585596,1.0,1.0,True,True,63.0,252.0,12,13,0.1110312
local_geometry,primary_control,strict_online,validation,16,128,,1,5,5,0,0.2728687983077207,0.2698221732696185,0.9128795952459908,0.6407780352328747,0.6348221999132831,1.0,1.0,True,True,127.0,508.0,12,13,0.1147937
moving_average_geometry,causal_control,strict_online,test,1,32,,"2,4,8",5,5,0,0.020300837962416267,0.021309641296082912,1.2497120237661288,0.8205758610413169,0.8730463404706698,1.0,1.0,True,True,31.0,124.0,12,13,0.1556021
moving_average_geometry,causal_control,strict_online,test,1,64,,"4,8",5,5,0,0.017890455272919093,0.01670144213170633,0.8922196808778103,0.8820161424265196,0.9054069663360237,1.0,1.0,True,True,63.0,252.0,12,13,0.1755751
moving_average_geometry,causal_control,strict_online,test,1,128,,8,5,5,0,0.01548843802596031,0.015462692879476232,0.664403105068464,1.006969387213367,1.001531062027928,0.0,0.8,False,True,127.0,508.0,12,13,0.2210421
moving_average_geometry,causal_control,strict_online,test,4,32,,"2,4,8",5,5,0,0.039193594692010156,0.033519396196798945,0.9903262048459218,0.9323044235812123,0.9428495922991811,0.8,1.0,True,True,31.0,124.0,12,13,0.1574452
moving_average_geometry,causal_control,strict_online,test,4,64,,8,5,5,0,0.027938958437095113,0.027796916534862093,0.4455006984791896,1.0085902359616556,1.0041524308955971,0.4,0.6,False,False,63.0,252.0,12,13,0.1799151
moving_average_geometry,causal_control,strict_online,test,4,128,,8,5,5,0,0.03013191571060862,0.030036614221955065,0.38807303086291506,1.1018510728908733,1.106616755458775,0.0,0.0,False,False,127.0,508.0,12,13,0.2168862
moving_average_geometry,causal_control,strict_online,test,16,32,,"2,8",5,5,0,0.1555930983816168,0.13280035997196502,0.7621251931528418,1.2097634850060506,1.1004499067610036,0.2,0.2,False,False,31.0,124.0,12,13,0.1540603
moving_average_geometry,causal_control,strict_online,test,16,64,,8,5,5,0,0.14475709105045298,0.14537033822510534,0.5140859691157547,1.1126156417042605,1.080934413254517,0.0,0.0,False,False,63.0,252.0,12,13,0.1727459
moving_average_geometry,causal_control,strict_online,test,16,128,,"2,8",5,5,0,0.1827638173237786,0.1802265056380358,0.5972529632854674,1.1006725781188105,1.1049250030140136,0.0,0.2,False,False,127.0,508.0,12,13,0.2169849
moving_average_geometry,causal_control,strict_online,validation,1,32,,"2,4,8",5,5,0,0.01948608817604652,0.019271517513689447,1.215686447997333,0.8714288294569194,0.9056973824067627,1.0,1.0,True,True,31.0,124.0,12,13,0.1556021
moving_average_geometry,causal_control,strict_online,validation,1,64,,"4,8",5,5,0,0.01802157084113246,0.017086080541931222,0.9545959328154344,0.9021403459390276,0.9399992610327759,1.0,1.0,True,True,63.0,252.0,12,13,0.1755751
moving_average_geometry,causal_control,strict_online,validation,1,128,,8,5,5,0,0.01581426941944039,0.015772057320260807,0.700877710704458,1.005665672049691,1.003450663589025,0.2,0.6,False,False,127.0,508.0,12,13,0.2210421
moving_average_geometry,causal_control,strict_online,validation,4,32,,"2,4,8",5,5,0,0.038358752544854505,0.03294807454561572,1.0800611206103976,0.9490849382253593,0.9857778465107085,0.8,0.8,True,True,31.0,124.0,12,13,0.1574452
moving_average_geometry,causal_control,strict_online,validation,4,64,,8,5,5,0,0.026601798531582878,0.02692258726226729,0.4742916115691952,1.0223805853437888,1.0027259987512565,0.2,0.6,False,False,63.0,252.0,12,13,0.1799151
moving_average_geometry,causal_control,strict_online,validation,4,128,,8,5,5,0,0.02857596446610901,0.02842312988547608,0.3860119409075501,1.1276390427350813,1.0829370638599232,0.0,0.0,False,False,127.0,508.0,12,13,0.2168862
moving_average_geometry,causal_control,strict_online,validation,16,32,,"2,8",5,5,0,0.1505360834219615,0.12623594099452481,0.8420155499557364,1.262860917787695,1.1661056269894083,0.2,0.2,False,False,31.0,124.0,12,13,0.1540603
moving_average_geometry,causal_control,strict_online,validation,16,64,,8,5,5,0,0.12680555008121025,0.12791014239288281,0.4865148139791711,1.18774165083107,1.204926314108691,0.0,0.0,False,False,63.0,252.0,12,13,0.1727459
moving_average_geometry,causal_control,strict_online,validation,16,128,,"2,8",5,5,0,0.1640603706587207,0.15367385457682328,0.5488523289232642,1.0795393144963812,1.0849849288026914,0.2,0.2,False,False,127.0,508.0,12,13,0.2169849
raw,baseline,strict_online,test,1,32,,,5,5,0,0.01620090461462778,0.016097761603595707,1.0,,,,,False,False,32.0,32.0,3,4,0.0632228
raw,baseline,strict_online,test,1,64,,,5,5,0,0.01997238470744773,0.019772766415493043,1.0,,,,,False,False,64.0,64.0,3,4,0.062617
raw,baseline,strict_online,test,1,128,,,5,5,0,0.0233009695334288,0.02291719282907656,1.0,,,,,False,False,128.0,128.0,3,4,0.0573118
raw,baseline,strict_online,test,4,32,,,5,5,0,0.03961351913699983,0.03948178938534824,1.0,,,,,False,False,32.0,32.0,3,4,0.0628859
raw,baseline,strict_online,test,4,64,,,5,5,0,0.06271091281694605,0.06256652873905928,1.0,,,,,False,False,64.0,64.0,3,4,0.0607707
raw,baseline,strict_online,test,4,128,,,5,5,0,0.07764372670240961,0.07751448676320012,1.0,,,,,False,False,128.0,128.0,3,4,0.0578385
raw,baseline,strict_online,test,16,32,,,5,5,0,0.20406015333926045,0.20406021512480174,1.0,,,,,False,False,32.0,32.0,3,4,0.0629412
raw,baseline,strict_online,test,16,64,,,5,5,0,0.28157911464839996,0.28158924729638174,1.0,,,,,False,False,64.0,64.0,3,4,0.05992
raw,baseline,strict_online,test,16,128,,,5,5,0,0.30599455717299834,0.30595235397035986,1.0,,,,,False,False,128.0,128.0,3,4,0.0568437
raw,baseline,strict_online,validation,1,32,,,5,5,0,0.01605089535623467,0.016336567181238135,1.0,,,,,False,False,32.0,32.0,3,4,0.0632228
raw,baseline,strict_online,validation,1,64,,,5,5,0,0.018839401301959924,0.01935007654134229,1.0,,,,,False,False,64.0,64.0,3,4,0.062617
raw,baseline,strict_online,validation,1,128,,,5,5,0,0.022588085470685727,0.02310810038000919,1.0,,,,,False,False,128.0,128.0,3,4,0.0573118
raw,baseline,strict_online,validation,4,32,,,5,5,0,0.03548078434154179,0.03524808021139431,1.0,,,,,False,False,32.0,32.0,3,4,0.0628859
raw,baseline,strict_online,validation,4,64,,,5,5,0,0.05608188419425035,0.05598291103896755,1.0,,,,,False,False,64.0,64.0,3,4,0.0607707
raw,baseline,strict_online,validation,4,128,,,5,5,0,0.07402612905454467,0.07402505713511623,1.0,,,,,False,False,128.0,128.0,3,4,0.0578385
raw,baseline,strict_online,validation,16,32,,,5,5,0,0.17880212569792353,0.1788801104592664,1.0,,,,,False,False,32.0,32.0,3,4,0.0629412
raw,baseline,strict_online,validation,16,64,,,5,5,0,0.2606365282107107,0.26079423013071884,1.0,,,,,False,False,64.0,64.0,3,4,0.05992
raw,baseline,strict_online,validation,16,128,,,5,5,0,0.2989139635323414,0.29910350360002325,1.0,,,,,False,False,128.0,128.0,3,4,0.0568437
