seed,horizon,context_length,control,parameter,status,error_type,error_message,n_inner_train,n_inner_validation,inner_validation_rmse,selected
1729,1,32,moving_average_geometry,2,ok,,,812,210,0.15714128952445222,False
1729,1,32,moving_average_geometry,4,ok,,,812,210,0.09320636633713122,False
1729,1,32,moving_average_geometry,8,ok,,,812,210,0.04261193731517719,True
1729,1,32,ewma_geometry,0.2,ok,,,812,210,0.04617318383342292,False
1729,1,32,ewma_geometry,0.5,ok,,,812,210,0.04719350501763235,False
1729,1,32,ewma_geometry,0.8,ok,,,812,210,0.043981435031280845,True
1729,1,32,fixed_geometry,8,ok,,,812,210,0.0441274173206161,False
1729,1,32,fixed_geometry,16,ok,,,812,210,0.04680444466333338,False
1729,1,32,fixed_geometry,32,ok,,,812,210,0.039948939560054755,True
1729,1,32,abba_geometry,0.03,ok,,,812,210,0.7914505303617186,False
1729,1,32,abba_geometry,0.1,ok,,,812,210,0.24009722170264583,False
1729,1,32,abba_geometry,0.3,ok,,,812,210,0.039948939560054755,True
1729,4,32,moving_average_geometry,2,ok,,,812,203,0.23423895041051132,False
1729,4,32,moving_average_geometry,4,ok,,,812,203,0.12004811410487512,False
1729,4,32,moving_average_geometry,8,ok,,,812,203,0.0563084831199819,True
1729,4,32,ewma_geometry,0.2,ok,,,812,203,0.0679524018565364,True
1729,4,32,ewma_geometry,0.5,ok,,,812,203,0.101806069138289,False
1729,4,32,ewma_geometry,0.8,ok,,,812,203,0.15742311022964883,False
1729,4,32,fixed_geometry,8,ok,,,812,203,0.06435735709073481,False
1729,4,32,fixed_geometry,16,ok,,,812,203,0.06275659096137996,False
1729,4,32,fixed_geometry,32,ok,,,812,203,0.06115610677373214,True
1729,4,32,abba_geometry,0.03,ok,,,812,203,1.0287974951138565,False
1729,4,32,abba_geometry,0.1,ok,,,812,203,0.32060470855232703,False
1729,4,32,abba_geometry,0.3,ok,,,812,203,0.06115610677373214,True
1729,16,32,moving_average_geometry,2,ok,,,791,203,1.1991310779928384,False
1729,16,32,moving_average_geometry,4,ok,,,791,203,0.28636601499246955,False
1729,16,32,moving_average_geometry,8,ok,,,791,203,0.26528909682982416,True
1729,16,32,ewma_geometry,0.2,ok,,,791,203,0.28374222378401753,True
1729,16,32,ewma_geometry,0.5,ok,,,791,203,0.4023277135682332,False
1729,16,32,ewma_geometry,0.8,ok,,,791,203,0.6770156812796388,False
1729,16,32,fixed_geometry,8,ok,,,791,203,0.19668682561542672,True
1729,16,32,fixed_geometry,16,ok,,,791,203,0.21170649807403866,False
1729,16,32,fixed_geometry,32,ok,,,791,203,0.2197689923421548,False
1729,16,32,abba_geometry,0.03,ok,,,791,203,7.987047694801083,False
1729,16,32,abba_geometry,0.1,ok,,,791,203,2.4920844439258643,False
1729,16,32,abba_geometry,0.3,ok,,,791,203,0.2197689923421548,True
1729,1,64,moving_average_geometry,2,ok,,,770,196,0.34343919540771334,False
1729,1,64,moving_average_geometry,4,ok,,,770,196,0.07898140045558111,False
1729,1,64,moving_average_geometry,8,ok,,,770,196,0.04985680939106178,True
1729,1,64,ewma_geometry,0.2,ok,,,770,196,0.04830807391038247,True
1729,1,64,ewma_geometry,0.5,ok,,,770,196,0.07063723037421049,False
1729,1,64,ewma_geometry,0.8,ok,,,770,196,0.11672360360134018,False
1729,1,64,fixed_geometry,8,ok,,,770,196,0.0433717064199382,False
1729,1,64,fixed_geometry,16,ok,,,770,196,0.0422965999970726,False
1729,1,64,fixed_geometry,32,ok,,,770,196,0.041127875161680386,True
1729,1,64,abba_geometry,0.03,ok,,,770,196,0.35953150785096283,True
1729,1,64,abba_geometry,0.1,ok,,,770,196,2.58374825150536,False
1729,1,64,abba_geometry,0.3,ok,,,770,196,1.6824958801819012,False
1729,4,64,moving_average_geometry,2,ok,,,763,196,0.6479715491998813,False
1729,4,64,moving_average_geometry,4,ok,,,763,196,0.1122608057193586,False
1729,4,64,moving_average_geometry,8,ok,,,763,196,0.052978196484977265,True
1729,4,64,ewma_geometry,0.2,ok,,,763,196,0.053307621584649925,True
1729,4,64,ewma_geometry,0.5,ok,,,763,196,0.15139813762584767,False
1729,4,64,ewma_geometry,0.8,ok,,,763,196,0.40062043967606376,False
1729,4,64,fixed_geometry,8,ok,,,763,196,0.05579621208236401,True
1729,4,64,fixed_geometry,16,ok,,,763,196,0.05677403516657983,False
1729,4,64,fixed_geometry,32,ok,,,763,196,0.061443280103980875,False
1729,4,64,abba_geometry,0.03,ok,,,763,196,5.770313919693619,False
1729,4,64,abba_geometry,0.1,ok,,,763,196,3.3455538437606513,False
1729,4,64,abba_geometry,0.3,ok,,,763,196,2.1676351005474115,True
1729,16,64,moving_average_geometry,2,ok,,,749,189,2.1362883219737676,False
1729,16,64,moving_average_geometry,4,ok,,,749,189,0.30247979520142104,False
1729,16,64,moving_average_geometry,8,ok,,,749,189,0.17806043777389416,True
1729,16,64,ewma_geometry,0.2,ok,,,749,189,0.17404673415702634,True
1729,16,64,ewma_geometry,0.5,ok,,,749,189,1.0651609942745484,False
1729,16,64,ewma_geometry,0.8,ok,,,749,189,2.197065901600377,False
1729,16,64,fixed_geometry,8,ok,,,749,189,0.21877762762860423,False
1729,16,64,fixed_geometry,16,ok,,,749,189,0.20408659598810378,True
1729,16,64,fixed_geometry,32,ok,,,749,189,0.2449121569721037,False
1729,16,64,abba_geometry,0.03,ok,,,749,189,26.513506922162613,False
1729,16,64,abba_geometry,0.1,ok,,,749,189,17.095426536652763,False
1729,16,64,abba_geometry,0.3,ok,,,749,189,11.291359088548914,True
1729,1,128,moving_average_geometry,2,ok,,,679,175,0.18085427421071099,False
1729,1,128,moving_average_geometry,4,ok,,,679,175,0.12372717533188722,False
1729,1,128,moving_average_geometry,8,ok,,,679,175,0.018304418974458565,True
1729,1,128,ewma_geometry,0.2,ok,,,679,175,0.018366251115770286,True
1729,1,128,ewma_geometry,0.5,ok,,,679,175,0.8253997509534813,False
1729,1,128,ewma_geometry,0.8,ok,,,679,175,0.9929645129448884,False
1729,1,128,fixed_geometry,8,ok,,,679,175,0.16213416477002301,False
1729,1,128,fixed_geometry,16,ok,,,679,175,0.08826948094933673,False
1729,1,128,fixed_geometry,32,ok,,,679,175,0.03182134278896751,True
1729,1,128,abba_geometry,0.03,ok,,,679,175,0.05258023721262106,True
1729,1,128,abba_geometry,0.1,ok,,,679,175,0.08826917803640348,False
1729,1,128,abba_geometry,0.3,ok,,,679,175,1.633908072866883,False
1729,4,128,moving_average_geometry,2,ok,,,672,175,1.0362120321380077,False
1729,4,128,moving_average_geometry,4,ok,,,672,175,0.13753353030868912,False
1729,4,128,moving_average_geometry,8,ok,,,672,175,0.0550252976684186,True
1729,4,128,ewma_geometry,0.2,ok,,,672,175,0.05808486537167141,True
1729,4,128,ewma_geometry,0.5,ok,,,672,175,0.06881738611084551,False
1729,4,128,ewma_geometry,0.8,ok,,,672,175,0.4146109438808749,False
1729,4,128,fixed_geometry,8,ok,,,672,175,0.05798652284939269,True
1729,4,128,fixed_geometry,16,ok,,,672,175,0.05922583228345261,False
1729,4,128,fixed_geometry,32,ok,,,672,175,0.06784063039395023,False
1729,4,128,abba_geometry,0.03,ok,,,672,175,0.06593520651523486,True
1729,4,128,abba_geometry,0.1,ok,,,672,175,0.1320369519384981,False
1729,4,128,abba_geometry,0.3,ok,,,672,175,4.9948003626762985,False
1729,16,128,moving_average_geometry,2,ok,,,658,168,3.5162020403512475,False
1729,16,128,moving_average_geometry,4,ok,,,658,168,0.6941095257686799,False
1729,16,128,moving_average_geometry,8,ok,,,658,168,0.20308832382639763,True
1729,16,128,ewma_geometry,0.2,ok,,,658,168,0.21874366734163297,True
1729,16,128,ewma_geometry,0.5,ok,,,658,168,0.4265302634890759,False
1729,16,128,ewma_geometry,0.8,ok,,,658,168,2.2090529178886222,False
1729,16,128,fixed_geometry,8,ok,,,658,168,0.5064379156136484,False
1729,16,128,fixed_geometry,16,ok,,,658,168,0.3042028009879293,False
1729,16,128,fixed_geometry,32,ok,,,658,168,0.25459876241837914,True
1729,16,128,abba_geometry,0.03,ok,,,658,168,0.42522138798654385,True
1729,16,128,abba_geometry,0.1,ok,,,658,168,0.5918088929337124,False
1729,16,128,abba_geometry,0.3,ok,,,658,168,16.610772528122695,False
2718,1,32,moving_average_geometry,2,ok,,,812,210,0.06596677407528935,False
2718,1,32,moving_average_geometry,4,ok,,,812,210,0.053406046509599,True
2718,1,32,moving_average_geometry,8,ok,,,812,210,0.05570809602959327,False
2718,1,32,ewma_geometry,0.2,ok,,,812,210,0.06051266078944372,False
2718,1,32,ewma_geometry,0.5,ok,,,812,210,0.07526149018611594,False
2718,1,32,ewma_geometry,0.8,ok,,,812,210,0.05150509925852398,True
2718,1,32,fixed_geometry,8,ok,,,812,210,0.046627832486617574,False
2718,1,32,fixed_geometry,16,ok,,,812,210,0.04081207425254483,False
2718,1,32,fixed_geometry,32,ok,,,812,210,0.04041508257742919,True
2718,1,32,abba_geometry,0.03,ok,,,812,210,1.2507313903193096,False
2718,1,32,abba_geometry,0.1,ok,,,812,210,0.04041508257742919,True
2718,1,32,abba_geometry,0.3,ok,,,812,210,0.04041508257742919,False
2718,4,32,moving_average_geometry,2,ok,,,812,203,0.06908130571003814,False
2718,4,32,moving_average_geometry,4,ok,,,812,203,0.06750255944897096,True
2718,4,32,moving_average_geometry,8,ok,,,812,203,0.0767807906225865,False
2718,4,32,ewma_geometry,0.2,ok,,,812,203,0.09540844136670133,False
2718,4,32,ewma_geometry,0.5,ok,,,812,203,0.0879003451538276,True
2718,4,32,ewma_geometry,0.8,ok,,,812,203,0.137366218434699,False
2718,4,32,fixed_geometry,8,ok,,,812,203,0.08651316457059632,False
2718,4,32,fixed_geometry,16,ok,,,812,203,0.060112654026735345,True
2718,4,32,fixed_geometry,32,ok,,,812,203,0.0606214545836471,False
2718,4,32,abba_geometry,0.03,ok,,,812,203,1.2801615029136784,False
2718,4,32,abba_geometry,0.1,ok,,,812,203,0.0606214545836471,True
2718,4,32,abba_geometry,0.3,ok,,,812,203,0.0606214545836471,False
2718,16,32,moving_average_geometry,2,ok,,,791,203,0.25144467177277807,True
2718,16,32,moving_average_geometry,4,ok,,,791,203,0.28243408034741113,False
2718,16,32,moving_average_geometry,8,ok,,,791,203,0.328536323315773,False
2718,16,32,ewma_geometry,0.2,ok,,,791,203,0.3924814474893778,False
2718,16,32,ewma_geometry,0.5,ok,,,791,203,0.27871336647394335,True
2718,16,32,ewma_geometry,0.8,ok,,,791,203,0.7055806732256343,False
2718,16,32,fixed_geometry,8,ok,,,791,203,0.27193487539763406,False
2718,16,32,fixed_geometry,16,ok,,,791,203,0.22109720343843878,True
2718,16,32,fixed_geometry,32,ok,,,791,203,0.22120695584464783,False
2718,16,32,abba_geometry,0.03,ok,,,791,203,8.49450986526371,False
2718,16,32,abba_geometry,0.1,ok,,,791,203,0.22120695584464783,True
2718,16,32,abba_geometry,0.3,ok,,,791,203,0.22120695584464783,False
2718,1,64,moving_average_geometry,2,ok,,,770,196,0.05019966700369497,False
2718,1,64,moving_average_geometry,4,ok,,,770,196,0.059386696174016436,False
2718,1,64,moving_average_geometry,8,ok,,,770,196,0.04791364644111444,True
2718,1,64,ewma_geometry,0.2,ok,,,770,196,0.04798508598966172,True
2718,1,64,ewma_geometry,0.5,ok,,,770,196,0.048813722205172064,False
2718,1,64,ewma_geometry,0.8,ok,,,770,196,0.06658013249868638,False
2718,1,64,fixed_geometry,8,ok,,,770,196,0.04711950606917466,False
2718,1,64,fixed_geometry,16,ok,,,770,196,0.041009903359602466,True
2718,1,64,fixed_geometry,32,ok,,,770,196,0.04164372435635095,False
2718,1,64,abba_geometry,0.03,ok,,,770,196,0.24588730756922092,True
2718,1,64,abba_geometry,0.1,ok,,,770,196,0.891957493743975,False
2718,1,64,abba_geometry,0.3,ok,,,770,196,0.5966652464708806,False
2718,4,64,moving_average_geometry,2,ok,,,763,196,0.06635562487861835,False
2718,4,64,moving_average_geometry,4,ok,,,763,196,0.0800851365413665,False
2718,4,64,moving_average_geometry,8,ok,,,763,196,0.05735249941884036,True
2718,4,64,ewma_geometry,0.2,ok,,,763,196,0.05875141687316086,True
2718,4,64,ewma_geometry,0.5,ok,,,763,196,0.07379530210445288,False
2718,4,64,ewma_geometry,0.8,ok,,,763,196,0.4081431928078669,False
2718,4,64,fixed_geometry,8,ok,,,763,196,0.05722770005945371,False
2718,4,64,fixed_geometry,16,ok,,,763,196,0.05406454459510596,True
2718,4,64,fixed_geometry,32,ok,,,763,196,0.06060740989864883,False
2718,4,64,abba_geometry,0.03,ok,,,763,196,3.3197434712656064,False
2718,4,64,abba_geometry,0.1,ok,,,763,196,3.1630772155365214,False
2718,4,64,abba_geometry,0.3,ok,,,763,196,2.055943350059605,True
2718,16,64,moving_average_geometry,2,ok,,,749,189,0.2030571958365386,False
2718,16,64,moving_average_geometry,4,ok,,,749,189,0.38751069623683504,False
2718,16,64,moving_average_geometry,8,ok,,,749,189,0.19197952161419304,True
2718,16,64,ewma_geometry,0.2,ok,,,749,189,0.17898290362181976,True
2718,16,64,ewma_geometry,0.5,ok,,,749,189,0.20260080004729122,False
2718,16,64,ewma_geometry,0.8,ok,,,749,189,1.7809976877082818,False
2718,16,64,fixed_geometry,8,ok,,,749,189,0.18208174492385523,True
2718,16,64,fixed_geometry,16,ok,,,749,189,0.20016842833107631,False
2718,16,64,fixed_geometry,32,ok,,,749,189,0.24640400033767573,False
2718,16,64,abba_geometry,0.03,ok,,,749,189,25.507688615653382,False
2718,16,64,abba_geometry,0.1,ok,,,749,189,16.197103280597542,False
2718,16,64,abba_geometry,0.3,ok,,,749,189,10.730104856262958,True
2718,1,128,moving_average_geometry,2,ok,,,679,175,0.3744915605921255,False
2718,1,128,moving_average_geometry,4,ok,,,679,175,0.119277726458976,False
2718,1,128,moving_average_geometry,8,ok,,,679,175,0.04622506340876425,True
2718,1,128,ewma_geometry,0.2,ok,,,679,175,0.04671473279894538,True
2718,1,128,ewma_geometry,0.5,ok,,,679,175,0.25412827744123245,False
2718,1,128,ewma_geometry,0.8,ok,,,679,175,0.3296953068039685,False
2718,1,128,fixed_geometry,8,ok,,,679,175,0.08970405493675472,False
2718,1,128,fixed_geometry,16,ok,,,679,175,0.024990686736256946,False
2718,1,128,fixed_geometry,32,ok,,,679,175,0.021704425258387734,True
2718,1,128,abba_geometry,0.03,ok,,,679,175,0.019817125816673643,True
2718,1,128,abba_geometry,0.1,ok,,,679,175,0.031190287642356613,False
2718,1,128,abba_geometry,0.3,ok,,,679,175,0.17056668204756026,False
2718,4,128,moving_average_geometry,2,ok,,,672,175,0.13106871573441722,False
2718,4,128,moving_average_geometry,4,ok,,,672,175,0.09087090368533987,False
2718,4,128,moving_average_geometry,8,ok,,,672,175,0.06297049784587322,True
2718,4,128,ewma_geometry,0.2,ok,,,672,175,0.058347195094782214,True
2718,4,128,ewma_geometry,0.5,ok,,,672,175,0.389462375840932,False
2718,4,128,ewma_geometry,0.8,ok,,,672,175,1.5904557211866972,False
2718,4,128,fixed_geometry,8,ok,,,672,175,0.055568729779603726,True
2718,4,128,fixed_geometry,16,ok,,,672,175,0.059885590709980584,False
2718,4,128,fixed_geometry,32,ok,,,672,175,0.0668065552893763,False
2718,4,128,abba_geometry,0.03,ok,,,672,175,0.36994483595542077,False
2718,4,128,abba_geometry,0.1,ok,,,672,175,0.14410300243100516,True
2718,4,128,abba_geometry,0.3,ok,,,672,175,0.45060252557766634,False
2718,16,128,moving_average_geometry,2,ok,,,658,168,0.22097057037826653,True
2718,16,128,moving_average_geometry,4,ok,,,658,168,0.3085436152062509,False
2718,16,128,moving_average_geometry,8,ok,,,658,168,0.22368369637420618,False
2718,16,128,ewma_geometry,0.2,ok,,,658,168,0.2163466401181262,True
2718,16,128,ewma_geometry,0.5,ok,,,658,168,1.4290073155240253,False
2718,16,128,ewma_geometry,0.8,ok,,,658,168,5.980981017103011,False
2718,16,128,fixed_geometry,8,ok,,,658,168,0.37893841367599534,False
2718,16,128,fixed_geometry,16,ok,,,658,168,0.2903234266746449,False
2718,16,128,fixed_geometry,32,ok,,,658,168,0.25450573025979106,True
2718,16,128,abba_geometry,0.03,ok,,,658,168,2.1125275122373823,False
2718,16,128,abba_geometry,0.1,ok,,,658,168,0.6411964610831452,True
2718,16,128,abba_geometry,0.3,ok,,,658,168,1.297006973020305,False
31415,1,32,moving_average_geometry,2,ok,,,812,210,0.06933869154049088,False
31415,1,32,moving_average_geometry,4,ok,,,812,210,0.057621413421558555,False
31415,1,32,moving_average_geometry,8,ok,,,812,210,0.05331237210908627,True
31415,1,32,ewma_geometry,0.2,ok,,,812,210,0.0631385904112203,True
31415,1,32,ewma_geometry,0.5,ok,,,812,210,0.07928007109725901,False
31415,1,32,ewma_geometry,0.8,ok,,,812,210,0.08649376336543081,False
31415,1,32,fixed_geometry,8,ok,,,812,210,0.04742430607353092,False
31415,1,32,fixed_geometry,16,ok,,,812,210,0.04149783124683105,False
31415,1,32,fixed_geometry,32,ok,,,812,210,0.03913922647653179,True
31415,1,32,abba_geometry,0.03,ok,,,812,210,1.522742122023928,False
31415,1,32,abba_geometry,0.1,ok,,,812,210,0.4489615240107207,False
31415,1,32,abba_geometry,0.3,ok,,,812,210,0.03913922647653179,True
31415,4,32,moving_average_geometry,2,ok,,,812,203,0.08496746900222059,False
31415,4,32,moving_average_geometry,4,ok,,,812,203,0.07748998935705473,False
31415,4,32,moving_average_geometry,8,ok,,,812,203,0.061269279093444054,True
31415,4,32,ewma_geometry,0.2,ok,,,812,203,0.07955045692549285,True
31415,4,32,ewma_geometry,0.5,ok,,,812,203,0.09150965712350191,False
31415,4,32,ewma_geometry,0.8,ok,,,812,203,0.22393162536807892,False
31415,4,32,fixed_geometry,8,ok,,,812,203,0.06953991530490335,False
31415,4,32,fixed_geometry,16,ok,,,812,203,0.05951532778378433,True
31415,4,32,fixed_geometry,32,ok,,,812,203,0.0619600015766293,False
31415,4,32,abba_geometry,0.03,ok,,,812,203,1.1509852430161946,False
31415,4,32,abba_geometry,0.1,ok,,,812,203,0.3316589457071502,False
31415,4,32,abba_geometry,0.3,ok,,,812,203,0.0619600015766293,True
31415,16,32,moving_average_geometry,2,ok,,,791,203,0.2762100501999708,False
31415,16,32,moving_average_geometry,4,ok,,,791,203,0.43085840730343744,False
31415,16,32,moving_average_geometry,8,ok,,,791,203,0.20662326616844687,True
31415,16,32,ewma_geometry,0.2,ok,,,791,203,0.3603498650712175,False
31415,16,32,ewma_geometry,0.5,ok,,,791,203,0.3365762661642765,True
31415,16,32,ewma_geometry,0.8,ok,,,791,203,0.8006646818450757,False
31415,16,32,fixed_geometry,8,ok,,,791,203,0.22698304083899817,False
31415,16,32,fixed_geometry,16,ok,,,791,203,0.20382555048374124,True
31415,16,32,fixed_geometry,32,ok,,,791,203,0.22133175941846256,False
31415,16,32,abba_geometry,0.03,ok,,,791,203,9.423886976620263,False
31415,16,32,abba_geometry,0.1,ok,,,791,203,2.741941538084969,False
31415,16,32,abba_geometry,0.3,ok,,,791,203,0.22133175941846256,True
31415,1,64,moving_average_geometry,2,ok,,,770,196,0.10014697025061602,False
31415,1,64,moving_average_geometry,4,ok,,,770,196,0.11798793713954939,False
31415,1,64,moving_average_geometry,8,ok,,,770,196,0.043150493574230384,True
31415,1,64,ewma_geometry,0.2,ok,,,770,196,0.0469379716928257,True
31415,1,64,ewma_geometry,0.5,ok,,,770,196,0.12674745746345426,False
31415,1,64,ewma_geometry,0.8,ok,,,770,196,0.17280252835095855,False
31415,1,64,fixed_geometry,8,ok,,,770,196,0.04169689750384571,False
31415,1,64,fixed_geometry,16,ok,,,770,196,0.04050460770867411,False
31415,1,64,fixed_geometry,32,ok,,,770,196,0.04012818155375351,True
31415,1,64,abba_geometry,0.03,ok,,,770,196,4.148948907680539,False
31415,1,64,abba_geometry,0.1,ok,,,770,196,3.100773869508889,False
31415,1,64,abba_geometry,0.3,ok,,,770,196,1.9919943039020078,True
31415,4,64,moving_average_geometry,2,ok,,,763,196,0.13973674515080128,False
31415,4,64,moving_average_geometry,4,ok,,,763,196,0.13279240795681513,False
31415,4,64,moving_average_geometry,8,ok,,,763,196,0.0652959315054648,True
31415,4,64,ewma_geometry,0.2,ok,,,763,196,0.056317558094668485,True
31415,4,64,ewma_geometry,0.5,ok,,,763,196,0.14287802683415995,False
31415,4,64,ewma_geometry,0.8,ok,,,763,196,0.4937787874867032,False
31415,4,64,fixed_geometry,8,ok,,,763,196,0.05707428086579654,False
31415,4,64,fixed_geometry,16,ok,,,763,196,0.056085453102175144,True
31415,4,64,fixed_geometry,32,ok,,,763,196,0.061619008414104275,False
31415,4,64,abba_geometry,0.03,ok,,,763,196,8.40340382208869,False
31415,4,64,abba_geometry,0.1,ok,,,763,196,3.2819826361156847,False
31415,4,64,abba_geometry,0.3,ok,,,763,196,2.133321904519963,True
31415,16,64,moving_average_geometry,2,ok,,,749,189,0.718474027954769,False
31415,16,64,moving_average_geometry,4,ok,,,749,189,0.677628085085814,False
31415,16,64,moving_average_geometry,8,ok,,,749,189,0.2600982311620015,True
31415,16,64,ewma_geometry,0.2,ok,,,749,189,0.20368153715270626,True
31415,16,64,ewma_geometry,0.5,ok,,,749,189,0.6587775636632862,False
31415,16,64,ewma_geometry,0.8,ok,,,749,189,1.8549367773289143,False
31415,16,64,fixed_geometry,8,ok,,,749,189,0.20585799921106002,True
31415,16,64,fixed_geometry,16,ok,,,749,189,0.20706700862687047,False
31415,16,64,fixed_geometry,32,ok,,,749,189,0.24585589035480016,False
31415,16,64,abba_geometry,0.03,ok,,,749,189,27.1124295414218,False
31415,16,64,abba_geometry,0.1,ok,,,749,189,17.761281467110404,False
31415,16,64,abba_geometry,0.3,ok,,,749,189,11.792228671339767,True
31415,1,128,moving_average_geometry,2,ok,,,679,175,0.12670450926709023,False
31415,1,128,moving_average_geometry,4,ok,,,679,175,0.06533756183388785,False
31415,1,128,moving_average_geometry,8,ok,,,679,175,0.041122157061959604,True
31415,1,128,ewma_geometry,0.2,ok,,,679,175,0.022843505296665994,True
31415,1,128,ewma_geometry,0.5,ok,,,679,175,0.16504769757765325,False
31415,1,128,ewma_geometry,0.8,ok,,,679,175,0.5007716085787616,False
31415,1,128,fixed_geometry,8,ok,,,679,175,0.14027083662339998,False
31415,1,128,fixed_geometry,16,ok,,,679,175,0.07257817246548778,False
31415,1,128,fixed_geometry,32,ok,,,679,175,0.03821574530504601,True
31415,1,128,abba_geometry,0.03,ok,,,679,175,0.30675095469659663,False
31415,1,128,abba_geometry,0.1,ok,,,679,175,0.05020783847864007,True
31415,1,128,abba_geometry,0.3,ok,,,679,175,0.1718387446214757,False
31415,4,128,moving_average_geometry,2,ok,,,672,175,0.6671500259464272,False
31415,4,128,moving_average_geometry,4,ok,,,672,175,0.09136158651079668,False
31415,4,128,moving_average_geometry,8,ok,,,672,175,0.06061519201867103,True
31415,4,128,ewma_geometry,0.2,ok,,,672,175,0.08839549515179483,True
31415,4,128,ewma_geometry,0.5,ok,,,672,175,0.1930665486329938,False
31415,4,128,ewma_geometry,0.8,ok,,,672,175,0.7355246090383595,False
31415,4,128,fixed_geometry,8,ok,,,672,175,0.0826180451621629,False
31415,4,128,fixed_geometry,16,ok,,,672,175,0.07670089147327745,False
31415,4,128,fixed_geometry,32,ok,,,672,175,0.07009960946475348,True
31415,4,128,abba_geometry,0.03,ok,,,672,175,0.8968572728163827,False
31415,4,128,abba_geometry,0.1,ok,,,672,175,0.12428981696601123,True
31415,4,128,abba_geometry,0.3,ok,,,672,175,0.670850085611882,False
31415,16,128,moving_average_geometry,2,ok,,,658,168,2.5806670756572827,False
31415,16,128,moving_average_geometry,4,ok,,,658,168,0.3085315626824473,False
31415,16,128,moving_average_geometry,8,ok,,,658,168,0.2183279488801097,True
31415,16,128,ewma_geometry,0.2,ok,,,658,168,0.38414945553367763,True
31415,16,128,ewma_geometry,0.5,ok,,,658,168,1.0239162314943768,False
31415,16,128,ewma_geometry,0.8,ok,,,658,168,2.367311829252344,False
31415,16,128,fixed_geometry,8,ok,,,658,168,0.6356150669414277,False
31415,16,128,fixed_geometry,16,ok,,,658,168,0.3366564517933268,False
31415,16,128,fixed_geometry,32,ok,,,658,168,0.26147132499345316,True
31415,16,128,abba_geometry,0.03,ok,,,658,168,3.4496806650253804,False
31415,16,128,abba_geometry,0.1,ok,,,658,168,0.4919367939516412,True
31415,16,128,abba_geometry,0.3,ok,,,658,168,2.0869503277074455,False
104729,1,32,moving_average_geometry,2,ok,,,812,210,0.09778006242716152,False
104729,1,32,moving_average_geometry,4,ok,,,812,210,0.05868397241436296,True
104729,1,32,moving_average_geometry,8,ok,,,812,210,0.05870731468422084,False
104729,1,32,ewma_geometry,0.2,ok,,,812,210,0.0463366446346751,False
104729,1,32,ewma_geometry,0.5,ok,,,812,210,0.051175854081573394,False
104729,1,32,ewma_geometry,0.8,ok,,,812,210,0.04107391000461099,True
104729,1,32,fixed_geometry,8,ok,,,812,210,0.05797620994960315,False
104729,1,32,fixed_geometry,16,ok,,,812,210,0.05513510074967259,False
104729,1,32,fixed_geometry,32,ok,,,812,210,0.039828909991239086,True
104729,1,32,abba_geometry,0.03,ok,,,812,210,2.144765480090372,False
104729,1,32,abba_geometry,0.1,ok,,,812,210,0.039828909991239086,True
104729,1,32,abba_geometry,0.3,ok,,,812,210,0.039828909991239086,False
104729,4,32,moving_average_geometry,2,ok,,,812,203,0.06667251125182956,True
104729,4,32,moving_average_geometry,4,ok,,,812,203,0.16522591127446495,False
104729,4,32,moving_average_geometry,8,ok,,,812,203,0.09934946003535577,False
104729,4,32,ewma_geometry,0.2,ok,,,812,203,0.06934923590699524,True
104729,4,32,ewma_geometry,0.5,ok,,,812,203,0.2703329058702816,False
104729,4,32,ewma_geometry,0.8,ok,,,812,203,0.2773386492197507,False
104729,4,32,fixed_geometry,8,ok,,,812,203,0.08876247388145134,False
104729,4,32,fixed_geometry,16,ok,,,812,203,0.07904620662292305,False
104729,4,32,fixed_geometry,32,ok,,,812,203,0.061762584223415164,True
104729,4,32,abba_geometry,0.03,ok,,,812,203,1.2245148512702155,False
104729,4,32,abba_geometry,0.1,ok,,,812,203,0.061762584223415164,True
104729,4,32,abba_geometry,0.3,ok,,,812,203,0.061762584223415164,False
104729,16,32,moving_average_geometry,2,ok,,,791,203,0.25267481929611496,False
104729,16,32,moving_average_geometry,4,ok,,,791,203,0.346657885689722,False
104729,16,32,moving_average_geometry,8,ok,,,791,203,0.21909520520233441,True
104729,16,32,ewma_geometry,0.2,ok,,,791,203,0.2640533977881092,True
104729,16,32,ewma_geometry,0.5,ok,,,791,203,0.8655257223727489,False
104729,16,32,ewma_geometry,0.8,ok,,,791,203,0.9053154114063646,False
104729,16,32,fixed_geometry,8,ok,,,791,203,0.24841706053734836,False
104729,16,32,fixed_geometry,16,ok,,,791,203,0.2371208708661332,False
104729,16,32,fixed_geometry,32,ok,,,791,203,0.2194484722570745,True
104729,16,32,abba_geometry,0.03,ok,,,791,203,9.963079009493395,False
104729,16,32,abba_geometry,0.1,ok,,,791,203,0.2194484722570745,True
104729,16,32,abba_geometry,0.3,ok,,,791,203,0.2194484722570745,False
104729,1,64,moving_average_geometry,2,ok,,,770,196,0.1921213142015307,False
104729,1,64,moving_average_geometry,4,ok,,,770,196,0.10804728562205025,False
104729,1,64,moving_average_geometry,8,ok,,,770,196,0.06462287775095026,True
104729,1,64,ewma_geometry,0.2,ok,,,770,196,0.048357837615776535,True
104729,1,64,ewma_geometry,0.5,ok,,,770,196,0.12240348606839047,False
104729,1,64,ewma_geometry,0.8,ok,,,770,196,0.1642411715762924,False
104729,1,64,fixed_geometry,8,ok,,,770,196,0.04745324864342996,False
104729,1,64,fixed_geometry,16,ok,,,770,196,0.042088031960229616,False
104729,1,64,fixed_geometry,32,ok,,,770,196,0.04075038208942052,True
104729,1,64,abba_geometry,0.03,ok,,,770,196,1.2702289506282998,True
104729,1,64,abba_geometry,0.1,ok,,,770,196,3.5640217204008633,False
104729,1,64,abba_geometry,0.3,ok,,,770,196,2.3501938050580464,False
104729,4,64,moving_average_geometry,2,ok,,,763,196,0.17566881334735882,False
104729,4,64,moving_average_geometry,4,ok,,,763,196,0.09354541825327278,False
104729,4,64,moving_average_geometry,8,ok,,,763,196,0.06563610732891638,True
104729,4,64,ewma_geometry,0.2,ok,,,763,196,0.06329046263702819,True
104729,4,64,ewma_geometry,0.5,ok,,,763,196,0.39391796257694206,False
104729,4,64,ewma_geometry,0.8,ok,,,763,196,0.5600239025226901,False
104729,4,64,fixed_geometry,8,ok,,,763,196,0.06729003783795438,False
104729,4,64,fixed_geometry,16,ok,,,763,196,0.058294448789793944,True
104729,4,64,fixed_geometry,32,ok,,,763,196,0.06216823600518506,False
104729,4,64,abba_geometry,0.03,ok,,,763,196,3.224482716904803,False
104729,4,64,abba_geometry,0.1,ok,,,763,196,3.210988255279798,False
104729,4,64,abba_geometry,0.3,ok,,,763,196,2.127420695256342,True
104729,16,64,moving_average_geometry,2,ok,,,749,189,1.1344568217525934,False
104729,16,64,moving_average_geometry,4,ok,,,749,189,0.2783992663961413,False
104729,16,64,moving_average_geometry,8,ok,,,749,189,0.2290845709920968,True
104729,16,64,ewma_geometry,0.2,ok,,,749,189,0.29267463055968773,True
104729,16,64,ewma_geometry,0.5,ok,,,749,189,1.1258731005419058,False
104729,16,64,ewma_geometry,0.8,ok,,,749,189,1.9333947138257206,False
104729,16,64,fixed_geometry,8,ok,,,749,189,0.20545347665586727,False
104729,16,64,fixed_geometry,16,ok,,,749,189,0.20467012017261693,True
104729,16,64,fixed_geometry,32,ok,,,749,189,0.24512560464641175,False
104729,16,64,abba_geometry,0.03,ok,,,749,189,27.46970781851454,False
104729,16,64,abba_geometry,0.1,ok,,,749,189,17.429987665343262,False
104729,16,64,abba_geometry,0.3,ok,,,749,189,11.781670601701698,True
104729,1,128,moving_average_geometry,2,ok,,,679,175,0.30191235897919844,False
104729,1,128,moving_average_geometry,4,ok,,,679,175,0.08478228813239277,False
104729,1,128,moving_average_geometry,8,ok,,,679,175,0.03807790198342477,True
104729,1,128,ewma_geometry,0.2,ok,,,679,175,0.030218399608776644,True
104729,1,128,ewma_geometry,0.5,ok,,,679,175,0.14359836659299985,False
104729,1,128,ewma_geometry,0.8,ok,,,679,175,0.060507288626052175,False
104729,1,128,fixed_geometry,8,ok,,,679,175,0.20747990679783085,False
104729,1,128,fixed_geometry,16,ok,,,679,175,0.07061906411136126,False
104729,1,128,fixed_geometry,32,ok,,,679,175,0.028498238055118193,True
104729,1,128,abba_geometry,0.03,ok,,,679,175,0.36229640925121576,False
104729,1,128,abba_geometry,0.1,ok,,,679,175,0.04121085425470526,True
104729,1,128,abba_geometry,0.3,ok,,,679,175,0.22673022325702372,False
104729,4,128,moving_average_geometry,2,ok,,,672,175,0.09357147304358916,False
104729,4,128,moving_average_geometry,4,ok,,,672,175,0.15674469425091497,False
104729,4,128,moving_average_geometry,8,ok,,,672,175,0.06970823626359407,True
104729,4,128,ewma_geometry,0.2,ok,,,672,175,0.06770529627818046,True
104729,4,128,ewma_geometry,0.5,ok,,,672,175,0.8923745887652194,False
104729,4,128,ewma_geometry,0.8,ok,,,672,175,1.3810681845733226,False
104729,4,128,fixed_geometry,8,ok,,,672,175,0.07050225915757134,False
104729,4,128,fixed_geometry,16,ok,,,672,175,0.0702768433785917,False
104729,4,128,fixed_geometry,32,ok,,,672,175,0.06843767649189034,True
104729,4,128,abba_geometry,0.03,ok,,,672,175,0.5058428712733216,False
104729,4,128,abba_geometry,0.1,ok,,,672,175,0.12806539069260672,True
104729,4,128,abba_geometry,0.3,ok,,,672,175,0.6468802068948012,False
104729,16,128,moving_average_geometry,2,ok,,,658,168,1.4652658610869154,False
104729,16,128,moving_average_geometry,4,ok,,,658,168,0.7842879821553,False
104729,16,128,moving_average_geometry,8,ok,,,658,168,0.25409216056331907,True
104729,16,128,ewma_geometry,0.2,ok,,,658,168,0.26010264889846524,True
104729,16,128,ewma_geometry,0.5,ok,,,658,168,3.71049224050633,False
104729,16,128,ewma_geometry,0.8,ok,,,658,168,5.773481287382143,False
104729,16,128,fixed_geometry,8,ok,,,658,168,0.5049821116057913,False
104729,16,128,fixed_geometry,16,ok,,,658,168,0.3190273133987008,False
104729,16,128,fixed_geometry,32,ok,,,658,168,0.25193400841033065,True
104729,16,128,abba_geometry,0.03,ok,,,658,168,3.02799193060496,False
104729,16,128,abba_geometry,0.1,ok,,,658,168,0.573113191740137,True
104729,16,128,abba_geometry,0.3,ok,,,658,168,1.8507294906904153,False
8675309,1,32,moving_average_geometry,2,ok,,,812,210,0.04353840854295301,True
8675309,1,32,moving_average_geometry,4,ok,,,812,210,0.04700607664794491,False
8675309,1,32,moving_average_geometry,8,ok,,,812,210,0.052672810378674606,False
8675309,1,32,ewma_geometry,0.2,ok,,,812,210,0.04512384500001495,True
8675309,1,32,ewma_geometry,0.5,ok,,,812,210,0.0548656424325579,False
8675309,1,32,ewma_geometry,0.8,ok,,,812,210,0.06712891037559054,False
8675309,1,32,fixed_geometry,8,ok,,,812,210,0.04657152348026423,False
8675309,1,32,fixed_geometry,16,ok,,,812,210,0.03938459007104157,False
8675309,1,32,fixed_geometry,32,ok,,,812,210,0.03863736349748379,True
8675309,1,32,abba_geometry,0.03,ok,,,812,210,2.830843045715669,False
8675309,1,32,abba_geometry,0.1,ok,,,812,210,0.8708973747200924,False
8675309,1,32,abba_geometry,0.3,ok,,,812,210,0.03863736349748379,True
8675309,4,32,moving_average_geometry,2,ok,,,812,203,0.1595181639722616,False
8675309,4,32,moving_average_geometry,4,ok,,,812,203,0.09349589067863925,False
8675309,4,32,moving_average_geometry,8,ok,,,812,203,0.06412419036903227,True
8675309,4,32,ewma_geometry,0.2,ok,,,812,203,0.0664107701527169,True
8675309,4,32,ewma_geometry,0.5,ok,,,812,203,0.12071846472365177,False
8675309,4,32,ewma_geometry,0.8,ok,,,812,203,0.22908466262290025,False
8675309,4,32,fixed_geometry,8,ok,,,812,203,0.08652296131468781,False
8675309,4,32,fixed_geometry,16,ok,,,812,203,0.06307083363402806,False
8675309,4,32,fixed_geometry,32,ok,,,812,203,0.06165853382185083,True
8675309,4,32,abba_geometry,0.03,ok,,,812,203,1.453046037626654,False
8675309,4,32,abba_geometry,0.1,ok,,,812,203,0.439970540718028,False
8675309,4,32,abba_geometry,0.3,ok,,,812,203,0.06165853382185083,True
8675309,16,32,moving_average_geometry,2,ok,,,791,203,0.587848545296022,False
8675309,16,32,moving_average_geometry,4,ok,,,791,203,0.23365691323063673,False
8675309,16,32,moving_average_geometry,8,ok,,,791,203,0.1880375349854976,True
8675309,16,32,ewma_geometry,0.2,ok,,,791,203,0.2706773157415786,True
8675309,16,32,ewma_geometry,0.5,ok,,,791,203,0.3686607091961969,False
8675309,16,32,ewma_geometry,0.8,ok,,,791,203,0.988910003593989,False
8675309,16,32,fixed_geometry,8,ok,,,791,203,0.3068420488446004,False
8675309,16,32,fixed_geometry,16,ok,,,791,203,0.22104366169503764,False
8675309,16,32,fixed_geometry,32,ok,,,791,203,0.22065288700247684,True
8675309,16,32,abba_geometry,0.03,ok,,,791,203,9.444381448774134,False
8675309,16,32,abba_geometry,0.1,ok,,,791,203,2.873539057283796,False
8675309,16,32,abba_geometry,0.3,ok,,,791,203,0.22065288700247684,True
8675309,1,64,moving_average_geometry,2,ok,,,770,196,0.11653915818264415,False
8675309,1,64,moving_average_geometry,4,ok,,,770,196,0.04151043658574068,True
8675309,1,64,moving_average_geometry,8,ok,,,770,196,0.042255894749996345,False
8675309,1,64,ewma_geometry,0.2,ok,,,770,196,0.04097633617259869,True
8675309,1,64,ewma_geometry,0.5,ok,,,770,196,0.21548878503836752,False
8675309,1,64,ewma_geometry,0.8,ok,,,770,196,0.3063079172193454,False
8675309,1,64,fixed_geometry,8,ok,,,770,196,0.04257475110849666,False
8675309,1,64,fixed_geometry,16,ok,,,770,196,0.039810106284673824,False
8675309,1,64,fixed_geometry,32,ok,,,770,196,0.039666992501613256,True
8675309,1,64,abba_geometry,0.03,ok,,,770,196,4.066570378342609,False
8675309,1,64,abba_geometry,0.1,ok,,,770,196,3.426867512856365,False
8675309,1,64,abba_geometry,0.3,ok,,,770,196,2.2357835899437632,True
8675309,4,64,moving_average_geometry,2,ok,,,763,196,0.4902575452280286,False
8675309,4,64,moving_average_geometry,4,ok,,,763,196,0.08823474686927689,False
8675309,4,64,moving_average_geometry,8,ok,,,763,196,0.054159637438430344,True
8675309,4,64,ewma_geometry,0.2,ok,,,763,196,0.05490489504678523,True
8675309,4,64,ewma_geometry,0.5,ok,,,763,196,0.4780395612554279,False
8675309,4,64,ewma_geometry,0.8,ok,,,763,196,0.8818154023461514,False
8675309,4,64,fixed_geometry,8,ok,,,763,196,0.06090218666798805,False
8675309,4,64,fixed_geometry,16,ok,,,763,196,0.05790645031841311,True
8675309,4,64,fixed_geometry,32,ok,,,763,196,0.06183628870182605,False
8675309,4,64,abba_geometry,0.03,ok,,,763,196,3.6915233822168148,False
8675309,4,64,abba_geometry,0.1,ok,,,763,196,3.5065490893698286,False
8675309,4,64,abba_geometry,0.3,ok,,,763,196,2.2815519152326247,True
8675309,16,64,moving_average_geometry,2,ok,,,749,189,1.7997296109468377,False
8675309,16,64,moving_average_geometry,4,ok,,,749,189,0.2139893169023965,False
8675309,16,64,moving_average_geometry,8,ok,,,749,189,0.18716820562448128,True
8675309,16,64,ewma_geometry,0.2,ok,,,749,189,0.16002789175280277,True
8675309,16,64,ewma_geometry,0.5,ok,,,749,189,1.7105535284718099,False
8675309,16,64,ewma_geometry,0.8,ok,,,749,189,3.6231065558207036,False
8675309,16,64,fixed_geometry,8,ok,,,749,189,0.1990179807014828,True
8675309,16,64,fixed_geometry,16,ok,,,749,189,0.2048153470053064,False
8675309,16,64,fixed_geometry,32,ok,,,749,189,0.24626990750409025,False
8675309,16,64,abba_geometry,0.03,ok,,,749,189,27.28337557905079,False
8675309,16,64,abba_geometry,0.1,ok,,,749,189,17.891466835932572,False
8675309,16,64,abba_geometry,0.3,ok,,,749,189,11.862676243348352,True
8675309,1,128,moving_average_geometry,2,ok,,,679,175,0.4866768035796403,False
8675309,1,128,moving_average_geometry,4,ok,,,679,175,0.06168270734073802,False
8675309,1,128,moving_average_geometry,8,ok,,,679,175,0.036667072541508014,True
8675309,1,128,ewma_geometry,0.2,ok,,,679,175,0.04918707738566175,True
8675309,1,128,ewma_geometry,0.5,ok,,,679,175,0.24922609904941212,False
8675309,1,128,ewma_geometry,0.8,ok,,,679,175,0.49608304040187484,False
8675309,1,128,fixed_geometry,8,ok,,,679,175,0.1343775865167208,False
8675309,1,128,fixed_geometry,16,ok,,,679,175,0.06428818055844529,False
8675309,1,128,fixed_geometry,32,ok,,,679,175,0.030298058409188873,True
8675309,1,128,abba_geometry,0.03,ok,,,679,175,0.13615335927667538,False
8675309,1,128,abba_geometry,0.1,ok,,,679,175,0.033150395428242274,True
8675309,1,128,abba_geometry,0.3,ok,,,679,175,0.15518907515799155,False
8675309,4,128,moving_average_geometry,2,ok,,,672,175,0.962055002592502,False
8675309,4,128,moving_average_geometry,4,ok,,,672,175,0.11514337643760131,False
8675309,4,128,moving_average_geometry,8,ok,,,672,175,0.05863632658712791,True
8675309,4,128,ewma_geometry,0.2,ok,,,672,175,0.07160829642014231,True
8675309,4,128,ewma_geometry,0.5,ok,,,672,175,0.7918858281749918,False
8675309,4,128,ewma_geometry,0.8,ok,,,672,175,1.6669016553992102,False
8675309,4,128,fixed_geometry,8,ok,,,672,175,0.06314668819386753,True
8675309,4,128,fixed_geometry,16,ok,,,672,175,0.06316269630551907,False
8675309,4,128,fixed_geometry,32,ok,,,672,175,0.06940873894210438,False
8675309,4,128,abba_geometry,0.03,ok,,,672,175,0.47129306777480234,False
8675309,4,128,abba_geometry,0.1,ok,,,672,175,0.12379696293557042,True
8675309,4,128,abba_geometry,0.3,ok,,,672,175,0.47799272388721387,False
8675309,16,128,moving_average_geometry,2,ok,,,658,168,3.463450447507212,False
8675309,16,128,moving_average_geometry,4,ok,,,658,168,0.5965249943789336,False
8675309,16,128,moving_average_geometry,8,ok,,,658,168,0.2374977550712562,True
8675309,16,128,ewma_geometry,0.2,ok,,,658,168,0.30106250711940485,True
8675309,16,128,ewma_geometry,0.5,ok,,,658,168,2.835423621341357,False
8675309,16,128,ewma_geometry,0.8,ok,,,658,168,6.191463856957691,False
8675309,16,128,fixed_geometry,8,ok,,,658,168,0.6366361701963856,False
8675309,16,128,fixed_geometry,16,ok,,,658,168,0.3327728115015156,False
8675309,16,128,fixed_geometry,32,ok,,,658,168,0.257142382956362,True
8675309,16,128,abba_geometry,0.03,ok,,,658,168,2.423634073864443,False
8675309,16,128,abba_geometry,0.1,ok,,,658,168,0.6528409216296954,True
8675309,16,128,abba_geometry,0.3,ok,,,658,168,1.6588699915646945,False
