seed,horizon,context_length,tolerance,variant,features,n_examples,step_signature_sha256,matches_reference
1729,1,32,0.1,segment,"dt,dy",1736,25ba8e646e26027ddc37205da3fb721e2014053ebedea8e6c38ca19f25c45368,True
1729,1,32,0.1,absolute_geometry,"dt,dy,theta,r",1736,25ba8e646e26027ddc37205da3fb721e2014053ebedea8e6c38ca19f25c45368,True
1729,1,32,0.1,turning_matched,"dt,dy,theta,delta_theta",1736,25ba8e646e26027ddc37205da3fb721e2014053ebedea8e6c38ca19f25c45368,True
1729,1,32,0.1,turning,"dt,dy,theta,r,delta_theta",1736,25ba8e646e26027ddc37205da3fb721e2014053ebedea8e6c38ca19f25c45368,True
1729,1,32,0.1,full_relational,"dt,dy,theta,r,delta_theta,delta_r",1736,25ba8e646e26027ddc37205da3fb721e2014053ebedea8e6c38ca19f25c45368,True
1729,4,32,0.1,segment,"dt,dy",1736,369c8880927472f26e00892b984c3e33f777e356419bef4114d328b6efaafca2,True
1729,4,32,0.1,absolute_geometry,"dt,dy,theta,r",1736,369c8880927472f26e00892b984c3e33f777e356419bef4114d328b6efaafca2,True
1729,4,32,0.1,turning_matched,"dt,dy,theta,delta_theta",1736,369c8880927472f26e00892b984c3e33f777e356419bef4114d328b6efaafca2,True
1729,4,32,0.1,turning,"dt,dy,theta,r,delta_theta",1736,369c8880927472f26e00892b984c3e33f777e356419bef4114d328b6efaafca2,True
1729,4,32,0.1,full_relational,"dt,dy,theta,r,delta_theta,delta_r",1736,369c8880927472f26e00892b984c3e33f777e356419bef4114d328b6efaafca2,True
1729,16,32,0.1,segment,"dt,dy",1715,d71fe4f2a9793c54f2dec66c4f0d4b62419bfc166d42c81c22e575f792ae156c,True
1729,16,32,0.1,absolute_geometry,"dt,dy,theta,r",1715,d71fe4f2a9793c54f2dec66c4f0d4b62419bfc166d42c81c22e575f792ae156c,True
1729,16,32,0.1,turning_matched,"dt,dy,theta,delta_theta",1715,d71fe4f2a9793c54f2dec66c4f0d4b62419bfc166d42c81c22e575f792ae156c,True
1729,16,32,0.1,turning,"dt,dy,theta,r,delta_theta",1715,d71fe4f2a9793c54f2dec66c4f0d4b62419bfc166d42c81c22e575f792ae156c,True
1729,16,32,0.1,full_relational,"dt,dy,theta,r,delta_theta,delta_r",1715,d71fe4f2a9793c54f2dec66c4f0d4b62419bfc166d42c81c22e575f792ae156c,True
1729,1,64,0.1,segment,"dt,dy",1680,6cd278dd7f2f9b6cfec4bd0fd74cef2ef30c58a9340583d81f8eb0eef933211f,True
1729,1,64,0.1,absolute_geometry,"dt,dy,theta,r",1680,6cd278dd7f2f9b6cfec4bd0fd74cef2ef30c58a9340583d81f8eb0eef933211f,True
1729,1,64,0.1,turning_matched,"dt,dy,theta,delta_theta",1680,6cd278dd7f2f9b6cfec4bd0fd74cef2ef30c58a9340583d81f8eb0eef933211f,True
1729,1,64,0.1,turning,"dt,dy,theta,r,delta_theta",1680,6cd278dd7f2f9b6cfec4bd0fd74cef2ef30c58a9340583d81f8eb0eef933211f,True
1729,1,64,0.1,full_relational,"dt,dy,theta,r,delta_theta,delta_r",1680,6cd278dd7f2f9b6cfec4bd0fd74cef2ef30c58a9340583d81f8eb0eef933211f,True
1729,4,64,0.1,segment,"dt,dy",1680,6d3935ff3bf287e4e9ad8a647a86b63300ef8ef63d4583b3b4e30c7abbfe2b22,True
1729,4,64,0.1,absolute_geometry,"dt,dy,theta,r",1680,6d3935ff3bf287e4e9ad8a647a86b63300ef8ef63d4583b3b4e30c7abbfe2b22,True
1729,4,64,0.1,turning_matched,"dt,dy,theta,delta_theta",1680,6d3935ff3bf287e4e9ad8a647a86b63300ef8ef63d4583b3b4e30c7abbfe2b22,True
1729,4,64,0.1,turning,"dt,dy,theta,r,delta_theta",1680,6d3935ff3bf287e4e9ad8a647a86b63300ef8ef63d4583b3b4e30c7abbfe2b22,True
1729,4,64,0.1,full_relational,"dt,dy,theta,r,delta_theta,delta_r",1680,6d3935ff3bf287e4e9ad8a647a86b63300ef8ef63d4583b3b4e30c7abbfe2b22,True
1729,16,64,0.1,segment,"dt,dy",1659,bdf78729ceec25eb20284de5970e2519c71f377f1c90e11026b27280d4f7fca3,True
1729,16,64,0.1,absolute_geometry,"dt,dy,theta,r",1659,bdf78729ceec25eb20284de5970e2519c71f377f1c90e11026b27280d4f7fca3,True
1729,16,64,0.1,turning_matched,"dt,dy,theta,delta_theta",1659,bdf78729ceec25eb20284de5970e2519c71f377f1c90e11026b27280d4f7fca3,True
1729,16,64,0.1,turning,"dt,dy,theta,r,delta_theta",1659,bdf78729ceec25eb20284de5970e2519c71f377f1c90e11026b27280d4f7fca3,True
1729,16,64,0.1,full_relational,"dt,dy,theta,r,delta_theta,delta_r",1659,bdf78729ceec25eb20284de5970e2519c71f377f1c90e11026b27280d4f7fca3,True
1729,1,128,0.1,segment,"dt,dy",1568,b5e7df244b8b5ff6eef7ce4c019f42230f2020109c31b4912716fa39300e0435,True
1729,1,128,0.1,absolute_geometry,"dt,dy,theta,r",1568,b5e7df244b8b5ff6eef7ce4c019f42230f2020109c31b4912716fa39300e0435,True
1729,1,128,0.1,turning_matched,"dt,dy,theta,delta_theta",1568,b5e7df244b8b5ff6eef7ce4c019f42230f2020109c31b4912716fa39300e0435,True
1729,1,128,0.1,turning,"dt,dy,theta,r,delta_theta",1568,b5e7df244b8b5ff6eef7ce4c019f42230f2020109c31b4912716fa39300e0435,True
1729,1,128,0.1,full_relational,"dt,dy,theta,r,delta_theta,delta_r",1568,b5e7df244b8b5ff6eef7ce4c019f42230f2020109c31b4912716fa39300e0435,True
1729,4,128,0.1,segment,"dt,dy",1568,75f70f6ac1f10f7a5df50f2c805fd7e0dc8a1280a39aa86865649a1df872d9b0,True
1729,4,128,0.1,absolute_geometry,"dt,dy,theta,r",1568,75f70f6ac1f10f7a5df50f2c805fd7e0dc8a1280a39aa86865649a1df872d9b0,True
1729,4,128,0.1,turning_matched,"dt,dy,theta,delta_theta",1568,75f70f6ac1f10f7a5df50f2c805fd7e0dc8a1280a39aa86865649a1df872d9b0,True
1729,4,128,0.1,turning,"dt,dy,theta,r,delta_theta",1568,75f70f6ac1f10f7a5df50f2c805fd7e0dc8a1280a39aa86865649a1df872d9b0,True
1729,4,128,0.1,full_relational,"dt,dy,theta,r,delta_theta,delta_r",1568,75f70f6ac1f10f7a5df50f2c805fd7e0dc8a1280a39aa86865649a1df872d9b0,True
1729,16,128,0.1,segment,"dt,dy",1547,83c7ecedf716290d9a0497bc51a38522d12c958d64e0c52ae16b4ed8c65fd9e8,True
1729,16,128,0.1,absolute_geometry,"dt,dy,theta,r",1547,83c7ecedf716290d9a0497bc51a38522d12c958d64e0c52ae16b4ed8c65fd9e8,True
1729,16,128,0.1,turning_matched,"dt,dy,theta,delta_theta",1547,83c7ecedf716290d9a0497bc51a38522d12c958d64e0c52ae16b4ed8c65fd9e8,True
1729,16,128,0.1,turning,"dt,dy,theta,r,delta_theta",1547,83c7ecedf716290d9a0497bc51a38522d12c958d64e0c52ae16b4ed8c65fd9e8,True
1729,16,128,0.1,full_relational,"dt,dy,theta,r,delta_theta,delta_r",1547,83c7ecedf716290d9a0497bc51a38522d12c958d64e0c52ae16b4ed8c65fd9e8,True
2718,1,32,0.1,segment,"dt,dy",1736,5c33206a085ad2113dcda6e02f702b2729413d566a088a394dc23d38a9dd8763,True
2718,1,32,0.1,absolute_geometry,"dt,dy,theta,r",1736,5c33206a085ad2113dcda6e02f702b2729413d566a088a394dc23d38a9dd8763,True
2718,1,32,0.1,turning_matched,"dt,dy,theta,delta_theta",1736,5c33206a085ad2113dcda6e02f702b2729413d566a088a394dc23d38a9dd8763,True
2718,1,32,0.1,turning,"dt,dy,theta,r,delta_theta",1736,5c33206a085ad2113dcda6e02f702b2729413d566a088a394dc23d38a9dd8763,True
2718,1,32,0.1,full_relational,"dt,dy,theta,r,delta_theta,delta_r",1736,5c33206a085ad2113dcda6e02f702b2729413d566a088a394dc23d38a9dd8763,True
2718,4,32,0.1,segment,"dt,dy",1736,3ab5cdd154fab11d16a8542d0a69b17a7e1dca59332e449710aeb2149119d5a6,True
2718,4,32,0.1,absolute_geometry,"dt,dy,theta,r",1736,3ab5cdd154fab11d16a8542d0a69b17a7e1dca59332e449710aeb2149119d5a6,True
2718,4,32,0.1,turning_matched,"dt,dy,theta,delta_theta",1736,3ab5cdd154fab11d16a8542d0a69b17a7e1dca59332e449710aeb2149119d5a6,True
2718,4,32,0.1,turning,"dt,dy,theta,r,delta_theta",1736,3ab5cdd154fab11d16a8542d0a69b17a7e1dca59332e449710aeb2149119d5a6,True
2718,4,32,0.1,full_relational,"dt,dy,theta,r,delta_theta,delta_r",1736,3ab5cdd154fab11d16a8542d0a69b17a7e1dca59332e449710aeb2149119d5a6,True
2718,16,32,0.1,segment,"dt,dy",1715,0f8ae115afaac985970df6e31a2c844e1bc6606e1f82b2448739644d4b52344f,True
2718,16,32,0.1,absolute_geometry,"dt,dy,theta,r",1715,0f8ae115afaac985970df6e31a2c844e1bc6606e1f82b2448739644d4b52344f,True
2718,16,32,0.1,turning_matched,"dt,dy,theta,delta_theta",1715,0f8ae115afaac985970df6e31a2c844e1bc6606e1f82b2448739644d4b52344f,True
2718,16,32,0.1,turning,"dt,dy,theta,r,delta_theta",1715,0f8ae115afaac985970df6e31a2c844e1bc6606e1f82b2448739644d4b52344f,True
2718,16,32,0.1,full_relational,"dt,dy,theta,r,delta_theta,delta_r",1715,0f8ae115afaac985970df6e31a2c844e1bc6606e1f82b2448739644d4b52344f,True
2718,1,64,0.1,segment,"dt,dy",1680,1ecaeb6fe1675b18706be89983317644023831c4f92f0d90aa09c95fea9ed63b,True
2718,1,64,0.1,absolute_geometry,"dt,dy,theta,r",1680,1ecaeb6fe1675b18706be89983317644023831c4f92f0d90aa09c95fea9ed63b,True
2718,1,64,0.1,turning_matched,"dt,dy,theta,delta_theta",1680,1ecaeb6fe1675b18706be89983317644023831c4f92f0d90aa09c95fea9ed63b,True
2718,1,64,0.1,turning,"dt,dy,theta,r,delta_theta",1680,1ecaeb6fe1675b18706be89983317644023831c4f92f0d90aa09c95fea9ed63b,True
2718,1,64,0.1,full_relational,"dt,dy,theta,r,delta_theta,delta_r",1680,1ecaeb6fe1675b18706be89983317644023831c4f92f0d90aa09c95fea9ed63b,True
2718,4,64,0.1,segment,"dt,dy",1680,8f3fd93312b8d7287f43329c3cc1430ccce42fc5300f5034c770e358967aa7c7,True
2718,4,64,0.1,absolute_geometry,"dt,dy,theta,r",1680,8f3fd93312b8d7287f43329c3cc1430ccce42fc5300f5034c770e358967aa7c7,True
2718,4,64,0.1,turning_matched,"dt,dy,theta,delta_theta",1680,8f3fd93312b8d7287f43329c3cc1430ccce42fc5300f5034c770e358967aa7c7,True
2718,4,64,0.1,turning,"dt,dy,theta,r,delta_theta",1680,8f3fd93312b8d7287f43329c3cc1430ccce42fc5300f5034c770e358967aa7c7,True
2718,4,64,0.1,full_relational,"dt,dy,theta,r,delta_theta,delta_r",1680,8f3fd93312b8d7287f43329c3cc1430ccce42fc5300f5034c770e358967aa7c7,True
2718,16,64,0.1,segment,"dt,dy",1659,3f0994d7e375fab96f6df0dd3ec10c537046d4665459be35f538086c1a50b9c1,True
2718,16,64,0.1,absolute_geometry,"dt,dy,theta,r",1659,3f0994d7e375fab96f6df0dd3ec10c537046d4665459be35f538086c1a50b9c1,True
2718,16,64,0.1,turning_matched,"dt,dy,theta,delta_theta",1659,3f0994d7e375fab96f6df0dd3ec10c537046d4665459be35f538086c1a50b9c1,True
2718,16,64,0.1,turning,"dt,dy,theta,r,delta_theta",1659,3f0994d7e375fab96f6df0dd3ec10c537046d4665459be35f538086c1a50b9c1,True
2718,16,64,0.1,full_relational,"dt,dy,theta,r,delta_theta,delta_r",1659,3f0994d7e375fab96f6df0dd3ec10c537046d4665459be35f538086c1a50b9c1,True
2718,1,128,0.1,segment,"dt,dy",1568,9a087933a59d4070473ebe35fb3765476d47e2c4d864484aa8489a95608a39b1,True
2718,1,128,0.1,absolute_geometry,"dt,dy,theta,r",1568,9a087933a59d4070473ebe35fb3765476d47e2c4d864484aa8489a95608a39b1,True
2718,1,128,0.1,turning_matched,"dt,dy,theta,delta_theta",1568,9a087933a59d4070473ebe35fb3765476d47e2c4d864484aa8489a95608a39b1,True
2718,1,128,0.1,turning,"dt,dy,theta,r,delta_theta",1568,9a087933a59d4070473ebe35fb3765476d47e2c4d864484aa8489a95608a39b1,True
2718,1,128,0.1,full_relational,"dt,dy,theta,r,delta_theta,delta_r",1568,9a087933a59d4070473ebe35fb3765476d47e2c4d864484aa8489a95608a39b1,True
2718,4,128,0.1,segment,"dt,dy",1568,3f0f875d2d5f1944570d40505ce96270e7e2a399ddca09629b243ed54bd66dc0,True
2718,4,128,0.1,absolute_geometry,"dt,dy,theta,r",1568,3f0f875d2d5f1944570d40505ce96270e7e2a399ddca09629b243ed54bd66dc0,True
2718,4,128,0.1,turning_matched,"dt,dy,theta,delta_theta",1568,3f0f875d2d5f1944570d40505ce96270e7e2a399ddca09629b243ed54bd66dc0,True
2718,4,128,0.1,turning,"dt,dy,theta,r,delta_theta",1568,3f0f875d2d5f1944570d40505ce96270e7e2a399ddca09629b243ed54bd66dc0,True
2718,4,128,0.1,full_relational,"dt,dy,theta,r,delta_theta,delta_r",1568,3f0f875d2d5f1944570d40505ce96270e7e2a399ddca09629b243ed54bd66dc0,True
2718,16,128,0.1,segment,"dt,dy",1547,12de24c55dc2d621a45e087863c87a39c0c7505ed104bb8bcbc1e5732c9ee5f9,True
2718,16,128,0.1,absolute_geometry,"dt,dy,theta,r",1547,12de24c55dc2d621a45e087863c87a39c0c7505ed104bb8bcbc1e5732c9ee5f9,True
2718,16,128,0.1,turning_matched,"dt,dy,theta,delta_theta",1547,12de24c55dc2d621a45e087863c87a39c0c7505ed104bb8bcbc1e5732c9ee5f9,True
2718,16,128,0.1,turning,"dt,dy,theta,r,delta_theta",1547,12de24c55dc2d621a45e087863c87a39c0c7505ed104bb8bcbc1e5732c9ee5f9,True
2718,16,128,0.1,full_relational,"dt,dy,theta,r,delta_theta,delta_r",1547,12de24c55dc2d621a45e087863c87a39c0c7505ed104bb8bcbc1e5732c9ee5f9,True
31415,1,32,0.1,segment,"dt,dy",1736,b3bd91127741b1127af575337a2ff78e86207f67cae88487656ded148da15b79,True
31415,1,32,0.1,absolute_geometry,"dt,dy,theta,r",1736,b3bd91127741b1127af575337a2ff78e86207f67cae88487656ded148da15b79,True
31415,1,32,0.1,turning_matched,"dt,dy,theta,delta_theta",1736,b3bd91127741b1127af575337a2ff78e86207f67cae88487656ded148da15b79,True
31415,1,32,0.1,turning,"dt,dy,theta,r,delta_theta",1736,b3bd91127741b1127af575337a2ff78e86207f67cae88487656ded148da15b79,True
31415,1,32,0.1,full_relational,"dt,dy,theta,r,delta_theta,delta_r",1736,b3bd91127741b1127af575337a2ff78e86207f67cae88487656ded148da15b79,True
31415,4,32,0.1,segment,"dt,dy",1736,c3439fdbf7a238b1302302f83ad500cc8faf81a5f14fe6c89c3f983558f9950c,True
31415,4,32,0.1,absolute_geometry,"dt,dy,theta,r",1736,c3439fdbf7a238b1302302f83ad500cc8faf81a5f14fe6c89c3f983558f9950c,True
31415,4,32,0.1,turning_matched,"dt,dy,theta,delta_theta",1736,c3439fdbf7a238b1302302f83ad500cc8faf81a5f14fe6c89c3f983558f9950c,True
31415,4,32,0.1,turning,"dt,dy,theta,r,delta_theta",1736,c3439fdbf7a238b1302302f83ad500cc8faf81a5f14fe6c89c3f983558f9950c,True
31415,4,32,0.1,full_relational,"dt,dy,theta,r,delta_theta,delta_r",1736,c3439fdbf7a238b1302302f83ad500cc8faf81a5f14fe6c89c3f983558f9950c,True
31415,16,32,0.1,segment,"dt,dy",1715,2aaf406693f14aa45e2e25430555989b31fdc12c940f910ab8acefb099e0f0cb,True
31415,16,32,0.1,absolute_geometry,"dt,dy,theta,r",1715,2aaf406693f14aa45e2e25430555989b31fdc12c940f910ab8acefb099e0f0cb,True
31415,16,32,0.1,turning_matched,"dt,dy,theta,delta_theta",1715,2aaf406693f14aa45e2e25430555989b31fdc12c940f910ab8acefb099e0f0cb,True
31415,16,32,0.1,turning,"dt,dy,theta,r,delta_theta",1715,2aaf406693f14aa45e2e25430555989b31fdc12c940f910ab8acefb099e0f0cb,True
31415,16,32,0.1,full_relational,"dt,dy,theta,r,delta_theta,delta_r",1715,2aaf406693f14aa45e2e25430555989b31fdc12c940f910ab8acefb099e0f0cb,True
31415,1,64,0.1,segment,"dt,dy",1680,a61c7a618f81878b870d23f3c9536ef4f811cfccb2f750686cc145afe72b9faa,True
31415,1,64,0.1,absolute_geometry,"dt,dy,theta,r",1680,a61c7a618f81878b870d23f3c9536ef4f811cfccb2f750686cc145afe72b9faa,True
31415,1,64,0.1,turning_matched,"dt,dy,theta,delta_theta",1680,a61c7a618f81878b870d23f3c9536ef4f811cfccb2f750686cc145afe72b9faa,True
31415,1,64,0.1,turning,"dt,dy,theta,r,delta_theta",1680,a61c7a618f81878b870d23f3c9536ef4f811cfccb2f750686cc145afe72b9faa,True
31415,1,64,0.1,full_relational,"dt,dy,theta,r,delta_theta,delta_r",1680,a61c7a618f81878b870d23f3c9536ef4f811cfccb2f750686cc145afe72b9faa,True
31415,4,64,0.1,segment,"dt,dy",1680,94c07b56fdab285bbb0fa435dcbbb24a05a380edb752f9e9989734a5f3d17448,True
31415,4,64,0.1,absolute_geometry,"dt,dy,theta,r",1680,94c07b56fdab285bbb0fa435dcbbb24a05a380edb752f9e9989734a5f3d17448,True
31415,4,64,0.1,turning_matched,"dt,dy,theta,delta_theta",1680,94c07b56fdab285bbb0fa435dcbbb24a05a380edb752f9e9989734a5f3d17448,True
31415,4,64,0.1,turning,"dt,dy,theta,r,delta_theta",1680,94c07b56fdab285bbb0fa435dcbbb24a05a380edb752f9e9989734a5f3d17448,True
31415,4,64,0.1,full_relational,"dt,dy,theta,r,delta_theta,delta_r",1680,94c07b56fdab285bbb0fa435dcbbb24a05a380edb752f9e9989734a5f3d17448,True
31415,16,64,0.1,segment,"dt,dy",1659,460b2df6d4de50a27a6d06afa3c73ace3800f2517004c6c5a68f38bda600f908,True
31415,16,64,0.1,absolute_geometry,"dt,dy,theta,r",1659,460b2df6d4de50a27a6d06afa3c73ace3800f2517004c6c5a68f38bda600f908,True
31415,16,64,0.1,turning_matched,"dt,dy,theta,delta_theta",1659,460b2df6d4de50a27a6d06afa3c73ace3800f2517004c6c5a68f38bda600f908,True
31415,16,64,0.1,turning,"dt,dy,theta,r,delta_theta",1659,460b2df6d4de50a27a6d06afa3c73ace3800f2517004c6c5a68f38bda600f908,True
31415,16,64,0.1,full_relational,"dt,dy,theta,r,delta_theta,delta_r",1659,460b2df6d4de50a27a6d06afa3c73ace3800f2517004c6c5a68f38bda600f908,True
31415,1,128,0.1,segment,"dt,dy",1568,2b99069b73714143b252332cb7a0cc8da17b7955b9242c2a1677e2f43b20dfa5,True
31415,1,128,0.1,absolute_geometry,"dt,dy,theta,r",1568,2b99069b73714143b252332cb7a0cc8da17b7955b9242c2a1677e2f43b20dfa5,True
31415,1,128,0.1,turning_matched,"dt,dy,theta,delta_theta",1568,2b99069b73714143b252332cb7a0cc8da17b7955b9242c2a1677e2f43b20dfa5,True
31415,1,128,0.1,turning,"dt,dy,theta,r,delta_theta",1568,2b99069b73714143b252332cb7a0cc8da17b7955b9242c2a1677e2f43b20dfa5,True
31415,1,128,0.1,full_relational,"dt,dy,theta,r,delta_theta,delta_r",1568,2b99069b73714143b252332cb7a0cc8da17b7955b9242c2a1677e2f43b20dfa5,True
31415,4,128,0.1,segment,"dt,dy",1568,2e9445a4afd61ca3cb99cc602d976f5a3fb715cb2b87095ccd3121e33e7ef8c3,True
31415,4,128,0.1,absolute_geometry,"dt,dy,theta,r",1568,2e9445a4afd61ca3cb99cc602d976f5a3fb715cb2b87095ccd3121e33e7ef8c3,True
31415,4,128,0.1,turning_matched,"dt,dy,theta,delta_theta",1568,2e9445a4afd61ca3cb99cc602d976f5a3fb715cb2b87095ccd3121e33e7ef8c3,True
31415,4,128,0.1,turning,"dt,dy,theta,r,delta_theta",1568,2e9445a4afd61ca3cb99cc602d976f5a3fb715cb2b87095ccd3121e33e7ef8c3,True
31415,4,128,0.1,full_relational,"dt,dy,theta,r,delta_theta,delta_r",1568,2e9445a4afd61ca3cb99cc602d976f5a3fb715cb2b87095ccd3121e33e7ef8c3,True
31415,16,128,0.1,segment,"dt,dy",1547,aefdf57b8854b6de03a9c82783ae4094d382272a98947d5dc47ec3860dea080b,True
31415,16,128,0.1,absolute_geometry,"dt,dy,theta,r",1547,aefdf57b8854b6de03a9c82783ae4094d382272a98947d5dc47ec3860dea080b,True
31415,16,128,0.1,turning_matched,"dt,dy,theta,delta_theta",1547,aefdf57b8854b6de03a9c82783ae4094d382272a98947d5dc47ec3860dea080b,True
31415,16,128,0.1,turning,"dt,dy,theta,r,delta_theta",1547,aefdf57b8854b6de03a9c82783ae4094d382272a98947d5dc47ec3860dea080b,True
31415,16,128,0.1,full_relational,"dt,dy,theta,r,delta_theta,delta_r",1547,aefdf57b8854b6de03a9c82783ae4094d382272a98947d5dc47ec3860dea080b,True
104729,1,32,0.1,segment,"dt,dy",1736,5250c8b27c183ce3ecebbdf59c5244f8d55b10448342d6311441f60d2b42cf5e,True
104729,1,32,0.1,absolute_geometry,"dt,dy,theta,r",1736,5250c8b27c183ce3ecebbdf59c5244f8d55b10448342d6311441f60d2b42cf5e,True
104729,1,32,0.1,turning_matched,"dt,dy,theta,delta_theta",1736,5250c8b27c183ce3ecebbdf59c5244f8d55b10448342d6311441f60d2b42cf5e,True
104729,1,32,0.1,turning,"dt,dy,theta,r,delta_theta",1736,5250c8b27c183ce3ecebbdf59c5244f8d55b10448342d6311441f60d2b42cf5e,True
104729,1,32,0.1,full_relational,"dt,dy,theta,r,delta_theta,delta_r",1736,5250c8b27c183ce3ecebbdf59c5244f8d55b10448342d6311441f60d2b42cf5e,True
104729,4,32,0.1,segment,"dt,dy",1736,c7e62314348ecdc26ba3a22fa0b6a49eb0ac6a3a923ca39f36493c1f1e176221,True
104729,4,32,0.1,absolute_geometry,"dt,dy,theta,r",1736,c7e62314348ecdc26ba3a22fa0b6a49eb0ac6a3a923ca39f36493c1f1e176221,True
104729,4,32,0.1,turning_matched,"dt,dy,theta,delta_theta",1736,c7e62314348ecdc26ba3a22fa0b6a49eb0ac6a3a923ca39f36493c1f1e176221,True
104729,4,32,0.1,turning,"dt,dy,theta,r,delta_theta",1736,c7e62314348ecdc26ba3a22fa0b6a49eb0ac6a3a923ca39f36493c1f1e176221,True
104729,4,32,0.1,full_relational,"dt,dy,theta,r,delta_theta,delta_r",1736,c7e62314348ecdc26ba3a22fa0b6a49eb0ac6a3a923ca39f36493c1f1e176221,True
104729,16,32,0.1,segment,"dt,dy",1715,ad4790ca7d1e8c8bb875df1bcc817ea00684ac90d8880797f8c9239264becbbb,True
104729,16,32,0.1,absolute_geometry,"dt,dy,theta,r",1715,ad4790ca7d1e8c8bb875df1bcc817ea00684ac90d8880797f8c9239264becbbb,True
104729,16,32,0.1,turning_matched,"dt,dy,theta,delta_theta",1715,ad4790ca7d1e8c8bb875df1bcc817ea00684ac90d8880797f8c9239264becbbb,True
104729,16,32,0.1,turning,"dt,dy,theta,r,delta_theta",1715,ad4790ca7d1e8c8bb875df1bcc817ea00684ac90d8880797f8c9239264becbbb,True
104729,16,32,0.1,full_relational,"dt,dy,theta,r,delta_theta,delta_r",1715,ad4790ca7d1e8c8bb875df1bcc817ea00684ac90d8880797f8c9239264becbbb,True
104729,1,64,0.1,segment,"dt,dy",1680,8c361f882a2be88409a6f22d0e7e0e2e8960fdfd146cc3df5aabc37f92b178e9,True
104729,1,64,0.1,absolute_geometry,"dt,dy,theta,r",1680,8c361f882a2be88409a6f22d0e7e0e2e8960fdfd146cc3df5aabc37f92b178e9,True
104729,1,64,0.1,turning_matched,"dt,dy,theta,delta_theta",1680,8c361f882a2be88409a6f22d0e7e0e2e8960fdfd146cc3df5aabc37f92b178e9,True
104729,1,64,0.1,turning,"dt,dy,theta,r,delta_theta",1680,8c361f882a2be88409a6f22d0e7e0e2e8960fdfd146cc3df5aabc37f92b178e9,True
104729,1,64,0.1,full_relational,"dt,dy,theta,r,delta_theta,delta_r",1680,8c361f882a2be88409a6f22d0e7e0e2e8960fdfd146cc3df5aabc37f92b178e9,True
104729,4,64,0.1,segment,"dt,dy",1680,e548e3d27b7bb1927e5ad41dafbb6b90c1139e130a830511673342a07b5dab7f,True
104729,4,64,0.1,absolute_geometry,"dt,dy,theta,r",1680,e548e3d27b7bb1927e5ad41dafbb6b90c1139e130a830511673342a07b5dab7f,True
104729,4,64,0.1,turning_matched,"dt,dy,theta,delta_theta",1680,e548e3d27b7bb1927e5ad41dafbb6b90c1139e130a830511673342a07b5dab7f,True
104729,4,64,0.1,turning,"dt,dy,theta,r,delta_theta",1680,e548e3d27b7bb1927e5ad41dafbb6b90c1139e130a830511673342a07b5dab7f,True
104729,4,64,0.1,full_relational,"dt,dy,theta,r,delta_theta,delta_r",1680,e548e3d27b7bb1927e5ad41dafbb6b90c1139e130a830511673342a07b5dab7f,True
104729,16,64,0.1,segment,"dt,dy",1659,7744cf9de204bc19b75d2bdd6d7e254d5a2d2871a4503acd5a8ed84bdc16264d,True
104729,16,64,0.1,absolute_geometry,"dt,dy,theta,r",1659,7744cf9de204bc19b75d2bdd6d7e254d5a2d2871a4503acd5a8ed84bdc16264d,True
104729,16,64,0.1,turning_matched,"dt,dy,theta,delta_theta",1659,7744cf9de204bc19b75d2bdd6d7e254d5a2d2871a4503acd5a8ed84bdc16264d,True
104729,16,64,0.1,turning,"dt,dy,theta,r,delta_theta",1659,7744cf9de204bc19b75d2bdd6d7e254d5a2d2871a4503acd5a8ed84bdc16264d,True
104729,16,64,0.1,full_relational,"dt,dy,theta,r,delta_theta,delta_r",1659,7744cf9de204bc19b75d2bdd6d7e254d5a2d2871a4503acd5a8ed84bdc16264d,True
104729,1,128,0.1,segment,"dt,dy",1568,6f73f1262d576f3db517bf287306268b9cfa52157bde66a3fd2e47c58a64a27c,True
104729,1,128,0.1,absolute_geometry,"dt,dy,theta,r",1568,6f73f1262d576f3db517bf287306268b9cfa52157bde66a3fd2e47c58a64a27c,True
104729,1,128,0.1,turning_matched,"dt,dy,theta,delta_theta",1568,6f73f1262d576f3db517bf287306268b9cfa52157bde66a3fd2e47c58a64a27c,True
104729,1,128,0.1,turning,"dt,dy,theta,r,delta_theta",1568,6f73f1262d576f3db517bf287306268b9cfa52157bde66a3fd2e47c58a64a27c,True
104729,1,128,0.1,full_relational,"dt,dy,theta,r,delta_theta,delta_r",1568,6f73f1262d576f3db517bf287306268b9cfa52157bde66a3fd2e47c58a64a27c,True
104729,4,128,0.1,segment,"dt,dy",1568,a11d5a19e7c9e101c79dc643b9e856034c528506ecaf07a4096e80077523029f,True
104729,4,128,0.1,absolute_geometry,"dt,dy,theta,r",1568,a11d5a19e7c9e101c79dc643b9e856034c528506ecaf07a4096e80077523029f,True
104729,4,128,0.1,turning_matched,"dt,dy,theta,delta_theta",1568,a11d5a19e7c9e101c79dc643b9e856034c528506ecaf07a4096e80077523029f,True
104729,4,128,0.1,turning,"dt,dy,theta,r,delta_theta",1568,a11d5a19e7c9e101c79dc643b9e856034c528506ecaf07a4096e80077523029f,True
104729,4,128,0.1,full_relational,"dt,dy,theta,r,delta_theta,delta_r",1568,a11d5a19e7c9e101c79dc643b9e856034c528506ecaf07a4096e80077523029f,True
104729,16,128,0.1,segment,"dt,dy",1547,111108883dc755aafbd6c5513db91b1c98202253a4e6dc0b2126718380cfc200,True
104729,16,128,0.1,absolute_geometry,"dt,dy,theta,r",1547,111108883dc755aafbd6c5513db91b1c98202253a4e6dc0b2126718380cfc200,True
104729,16,128,0.1,turning_matched,"dt,dy,theta,delta_theta",1547,111108883dc755aafbd6c5513db91b1c98202253a4e6dc0b2126718380cfc200,True
104729,16,128,0.1,turning,"dt,dy,theta,r,delta_theta",1547,111108883dc755aafbd6c5513db91b1c98202253a4e6dc0b2126718380cfc200,True
104729,16,128,0.1,full_relational,"dt,dy,theta,r,delta_theta,delta_r",1547,111108883dc755aafbd6c5513db91b1c98202253a4e6dc0b2126718380cfc200,True
8675309,1,32,0.1,segment,"dt,dy",1736,e0a5a52f645b25275f06c714067f5f5605652ecff79688fe16b8918cc55c5ccd,True
8675309,1,32,0.1,absolute_geometry,"dt,dy,theta,r",1736,e0a5a52f645b25275f06c714067f5f5605652ecff79688fe16b8918cc55c5ccd,True
8675309,1,32,0.1,turning_matched,"dt,dy,theta,delta_theta",1736,e0a5a52f645b25275f06c714067f5f5605652ecff79688fe16b8918cc55c5ccd,True
8675309,1,32,0.1,turning,"dt,dy,theta,r,delta_theta",1736,e0a5a52f645b25275f06c714067f5f5605652ecff79688fe16b8918cc55c5ccd,True
8675309,1,32,0.1,full_relational,"dt,dy,theta,r,delta_theta,delta_r",1736,e0a5a52f645b25275f06c714067f5f5605652ecff79688fe16b8918cc55c5ccd,True
8675309,4,32,0.1,segment,"dt,dy",1736,34b4e39d69930f717ff80d2fad72761ce4d8a32fa8e9b0eb752892f4a035f282,True
8675309,4,32,0.1,absolute_geometry,"dt,dy,theta,r",1736,34b4e39d69930f717ff80d2fad72761ce4d8a32fa8e9b0eb752892f4a035f282,True
8675309,4,32,0.1,turning_matched,"dt,dy,theta,delta_theta",1736,34b4e39d69930f717ff80d2fad72761ce4d8a32fa8e9b0eb752892f4a035f282,True
8675309,4,32,0.1,turning,"dt,dy,theta,r,delta_theta",1736,34b4e39d69930f717ff80d2fad72761ce4d8a32fa8e9b0eb752892f4a035f282,True
8675309,4,32,0.1,full_relational,"dt,dy,theta,r,delta_theta,delta_r",1736,34b4e39d69930f717ff80d2fad72761ce4d8a32fa8e9b0eb752892f4a035f282,True
8675309,16,32,0.1,segment,"dt,dy",1715,212640b578d52109cde64b7da690cb97d74700e8033bda2fbf522b3c552ccfb5,True
8675309,16,32,0.1,absolute_geometry,"dt,dy,theta,r",1715,212640b578d52109cde64b7da690cb97d74700e8033bda2fbf522b3c552ccfb5,True
8675309,16,32,0.1,turning_matched,"dt,dy,theta,delta_theta",1715,212640b578d52109cde64b7da690cb97d74700e8033bda2fbf522b3c552ccfb5,True
8675309,16,32,0.1,turning,"dt,dy,theta,r,delta_theta",1715,212640b578d52109cde64b7da690cb97d74700e8033bda2fbf522b3c552ccfb5,True
8675309,16,32,0.1,full_relational,"dt,dy,theta,r,delta_theta,delta_r",1715,212640b578d52109cde64b7da690cb97d74700e8033bda2fbf522b3c552ccfb5,True
8675309,1,64,0.1,segment,"dt,dy",1680,f3093237f1aeabc6bb3e490a3aeacf828a07c5be97b3b0db20ee06cbcf9394c7,True
8675309,1,64,0.1,absolute_geometry,"dt,dy,theta,r",1680,f3093237f1aeabc6bb3e490a3aeacf828a07c5be97b3b0db20ee06cbcf9394c7,True
8675309,1,64,0.1,turning_matched,"dt,dy,theta,delta_theta",1680,f3093237f1aeabc6bb3e490a3aeacf828a07c5be97b3b0db20ee06cbcf9394c7,True
8675309,1,64,0.1,turning,"dt,dy,theta,r,delta_theta",1680,f3093237f1aeabc6bb3e490a3aeacf828a07c5be97b3b0db20ee06cbcf9394c7,True
8675309,1,64,0.1,full_relational,"dt,dy,theta,r,delta_theta,delta_r",1680,f3093237f1aeabc6bb3e490a3aeacf828a07c5be97b3b0db20ee06cbcf9394c7,True
8675309,4,64,0.1,segment,"dt,dy",1680,01e306d5c6625ce1c4fe3460c0fbd80999d07c257b7cbedbbe032d75699b3ff8,True
8675309,4,64,0.1,absolute_geometry,"dt,dy,theta,r",1680,01e306d5c6625ce1c4fe3460c0fbd80999d07c257b7cbedbbe032d75699b3ff8,True
8675309,4,64,0.1,turning_matched,"dt,dy,theta,delta_theta",1680,01e306d5c6625ce1c4fe3460c0fbd80999d07c257b7cbedbbe032d75699b3ff8,True
8675309,4,64,0.1,turning,"dt,dy,theta,r,delta_theta",1680,01e306d5c6625ce1c4fe3460c0fbd80999d07c257b7cbedbbe032d75699b3ff8,True
8675309,4,64,0.1,full_relational,"dt,dy,theta,r,delta_theta,delta_r",1680,01e306d5c6625ce1c4fe3460c0fbd80999d07c257b7cbedbbe032d75699b3ff8,True
8675309,16,64,0.1,segment,"dt,dy",1659,431e7ef2b9fee96943c1de3bb99dab10aa539f3473d90d15e8b880803e507f09,True
8675309,16,64,0.1,absolute_geometry,"dt,dy,theta,r",1659,431e7ef2b9fee96943c1de3bb99dab10aa539f3473d90d15e8b880803e507f09,True
8675309,16,64,0.1,turning_matched,"dt,dy,theta,delta_theta",1659,431e7ef2b9fee96943c1de3bb99dab10aa539f3473d90d15e8b880803e507f09,True
8675309,16,64,0.1,turning,"dt,dy,theta,r,delta_theta",1659,431e7ef2b9fee96943c1de3bb99dab10aa539f3473d90d15e8b880803e507f09,True
8675309,16,64,0.1,full_relational,"dt,dy,theta,r,delta_theta,delta_r",1659,431e7ef2b9fee96943c1de3bb99dab10aa539f3473d90d15e8b880803e507f09,True
8675309,1,128,0.1,segment,"dt,dy",1568,cdd613f79eabea7cc3af1f13b00bb656e50ee53e36f07f356d6abede24208950,True
8675309,1,128,0.1,absolute_geometry,"dt,dy,theta,r",1568,cdd613f79eabea7cc3af1f13b00bb656e50ee53e36f07f356d6abede24208950,True
8675309,1,128,0.1,turning_matched,"dt,dy,theta,delta_theta",1568,cdd613f79eabea7cc3af1f13b00bb656e50ee53e36f07f356d6abede24208950,True
8675309,1,128,0.1,turning,"dt,dy,theta,r,delta_theta",1568,cdd613f79eabea7cc3af1f13b00bb656e50ee53e36f07f356d6abede24208950,True
8675309,1,128,0.1,full_relational,"dt,dy,theta,r,delta_theta,delta_r",1568,cdd613f79eabea7cc3af1f13b00bb656e50ee53e36f07f356d6abede24208950,True
8675309,4,128,0.1,segment,"dt,dy",1568,6b2d67f81bbaff8842050c8970d05b76cc2b161d8246081837c2426c84749430,True
8675309,4,128,0.1,absolute_geometry,"dt,dy,theta,r",1568,6b2d67f81bbaff8842050c8970d05b76cc2b161d8246081837c2426c84749430,True
8675309,4,128,0.1,turning_matched,"dt,dy,theta,delta_theta",1568,6b2d67f81bbaff8842050c8970d05b76cc2b161d8246081837c2426c84749430,True
8675309,4,128,0.1,turning,"dt,dy,theta,r,delta_theta",1568,6b2d67f81bbaff8842050c8970d05b76cc2b161d8246081837c2426c84749430,True
8675309,4,128,0.1,full_relational,"dt,dy,theta,r,delta_theta,delta_r",1568,6b2d67f81bbaff8842050c8970d05b76cc2b161d8246081837c2426c84749430,True
8675309,16,128,0.1,segment,"dt,dy",1547,67bb7199dea3f0e26f1d3021737f1854c223ec72a4a520deb954ba046d295217,True
8675309,16,128,0.1,absolute_geometry,"dt,dy,theta,r",1547,67bb7199dea3f0e26f1d3021737f1854c223ec72a4a520deb954ba046d295217,True
8675309,16,128,0.1,turning_matched,"dt,dy,theta,delta_theta",1547,67bb7199dea3f0e26f1d3021737f1854c223ec72a4a520deb954ba046d295217,True
8675309,16,128,0.1,turning,"dt,dy,theta,r,delta_theta",1547,67bb7199dea3f0e26f1d3021737f1854c223ec72a4a520deb954ba046d295217,True
8675309,16,128,0.1,full_relational,"dt,dy,theta,r,delta_theta,delta_r",1547,67bb7199dea3f0e26f1d3021737f1854c223ec72a4a520deb954ba046d295217,True
