representation,split,horizon,context_length,tolerance,n_seeds,n_successes,n_failures,mae_mean,mae_median,rmse_mean,rmse_median,rmse_q1,rmse_q3,rmse_min,rmse_max,rmse_ratio_vs_raw_mean,rmse_ratio_vs_raw_median,mean_input_steps,mean_input_scalar_elements,mean_input_bytes,step_reduction_factor_vs_raw_mean,scalar_reduction_factor_vs_raw_mean,predictive_parity_rate,structural_reduction_success_rate,payload_reduction_success_rate,joint_success_rate,robust_cell,representation_runtime_median_s
first_difference,test,1,32,,5,5,0,0.01542974746704021,0.015312109081816037,0.02091522183875479,0.021010094696309572,0.020640464298125834,0.021228009009260206,0.02032896912979367,0.02136857206028467,1.2925571726999756,1.2827731800278217,31.0,31.0,248.0,1.032258064516129,1.032258064516129,,,,,,0.0678046
first_difference,test,1,64,,5,5,0,0.019353087945744633,0.019198575692075587,0.027649809160866873,0.0278570580713848,0.027317142438451302,0.028210169399834364,0.026614348277927857,0.028250327616736036,1.3855916650972238,1.3844589909667395,63.0,63.0,504.0,1.0158730158730158,1.0158730158730158,,,,,,0.066595
first_difference,test,1,128,,5,5,0,0.01816871586324362,0.018134118527041637,0.02420693332078524,0.024073298174686477,0.023420996899442305,0.02497337785584151,0.02335831258736715,0.02520868108658875,1.0389395363380083,1.0288621386940653,127.0,127.0,1016.0,1.0078740157480315,1.0078740157480315,,,,,,0.0627741
first_difference,test,4,32,,5,5,0,0.035948965534691554,0.036184259144272465,0.057464092965665126,0.057447486972918134,0.05682765222854551,0.05808776109551499,0.05669066289899796,0.05826690163234904,1.4507666068661837,1.4550375721885844,31.0,31.0,248.0,1.032258064516129,1.032258064516129,,,,,,0.0682771
first_difference,test,4,64,,5,5,0,0.04855443698650293,0.048530714351563344,0.07927765042613802,0.07954134888893538,0.07877463217552219,0.07993354494050586,0.0781986886494649,0.07994003747626172,1.2642252267198277,1.2713306165895304,63.0,63.0,504.0,1.0158730158730158,1.0158730158730158,,,,,,0.0660366
first_difference,test,4,128,,5,5,0,0.0451219061654886,0.04533165220323032,0.06624808441278612,0.06657358625267894,0.06562778156180321,0.06680851104698116,0.0651742495102562,0.06705629369221111,0.8532424378010918,0.8589146687308478,127.0,127.0,1016.0,1.0078740157480315,1.0078740157480315,,,,,,0.0605796
first_difference,test,16,32,,5,5,0,0.1490372433147409,0.14902901759960122,0.262211988771542,0.263484052011262,0.26124689610677265,0.2636910669247829,0.2578336110735737,0.2648043177413186,1.2849624318153752,1.2881565517684919,31.0,31.0,248.0,1.032258064516129,1.032258064516129,,,,,,0.0709822
first_difference,test,16,64,,5,5,0,0.18429831118773676,0.184584210785222,0.31449204638690315,0.31460222505451735,0.3123044927751089,0.31681257290854076,0.3105397290371065,0.3182012121592423,1.1168870820213175,1.1150744697285555,63.0,63.0,504.0,1.0158730158730158,1.0158730158730158,,,,,,0.0649838
first_difference,test,16,128,,5,5,0,0.15973475039795498,0.16128124121666032,0.24287884132787294,0.24326769573725232,0.24164328641979235,0.24510365228088574,0.2383128069616963,0.24606676523973806,0.7937389147791984,0.7968623250002096,127.0,127.0,1016.0,1.0078740157480315,1.0078740157480315,,,,,,0.0588103
first_difference,validation,1,32,,5,5,0,0.014499596850304686,0.014746360507623806,0.019356996771762353,0.019667308290078143,0.018911001989984248,0.01996300102383463,0.018056401662605293,0.02018727089230946,1.2065555609582101,1.203882558183045,31.0,31.0,248.0,1.032258064516129,1.032258064516129,,,,,,0.0678046
first_difference,validation,1,64,,5,5,0,0.018386978672251107,0.01859723675281547,0.026004323600967626,0.026343107103082537,0.025214933094923953,0.026784626418901367,0.024683168041954237,0.026995783345976035,1.3815299098549696,1.3727264848516763,63.0,63.0,504.0,1.0158730158730158,1.0158730158730158,,,,,,0.066595
first_difference,validation,1,128,,5,5,0,0.01832863028825953,0.01832547824715123,0.024439199914772593,0.025099143678640537,0.023879733583002893,0.0251541397619862,0.022358497546242306,0.02570448500399102,1.082254412218877,1.084710515411006,127.0,127.0,1016.0,1.0078740157480315,1.0078740157480315,,,,,,0.0627741
first_difference,validation,4,32,,5,5,0,0.0329855184456722,0.032875119117388725,0.05211254474817428,0.05210197574868698,0.0520039699574121,0.05230000436019703,0.05126895368689104,0.052887819987684284,1.4689309269945692,1.4781507371809848,31.0,31.0,248.0,1.032258064516129,1.032258064516129,,,,,,0.0682771
first_difference,validation,4,64,,5,5,0,0.046282847651995404,0.04611913647138726,0.07443415977393042,0.07427851461755108,0.07423204127731874,0.0751317330923172,0.07271193283847736,0.0758165770439877,1.3272723800556778,1.3272078335358972,63.0,63.0,504.0,1.0158730158730158,1.0158730158730158,,,,,,0.0660366
first_difference,validation,4,128,,5,5,0,0.0458103553678244,0.04567476097381351,0.06696671877330751,0.06703325020004686,0.06565157648187069,0.06751529070143478,0.06528029161317034,0.06935318487001489,0.9046351134721377,0.9085208091665455,127.0,127.0,1016.0,1.0078740157480315,1.0078740157480315,,,,,,0.0605796
first_difference,validation,16,32,,5,5,0,0.1360579476025905,0.13641610166428808,0.23654502115773504,0.23749190425086927,0.234607486873131,0.23774540663251206,0.2340959623511985,0.23878434568096443,1.322940833735934,1.3213689174330794,31.0,31.0,248.0,1.032258064516129,1.032258064516129,,,,,,0.0709822
first_difference,validation,16,64,,5,5,0,0.17543287237202493,0.17511093861814844,0.29664067760404056,0.29674669288827643,0.2944211660148961,0.29894794009190445,0.29081708777684423,0.3022705012482816,1.1381392249607352,1.1348841779232934,63.0,63.0,504.0,1.0158730158730158,1.0158730158730158,,,,,,0.0649838
first_difference,validation,16,128,,5,5,0,0.16483807351237606,0.16281805938382746,0.2531594079427052,0.25331020022096534,0.24572423735350973,0.2600635091239394,0.24551094111706434,0.26118815189804706,0.846939927767778,0.8499104551161244,127.0,127.0,1016.0,1.0078740157480315,1.0078740157480315,,,,,,0.0588103
raw,test,1,32,,5,5,0,0.012895359135651863,0.012792032756953415,0.01620090461462778,0.016097761603595707,0.016090501905939573,0.016248629368978786,0.015328159907243568,0.017239470287381264,1.0,1.0,32.0,32.0,256.0,1.0,1.0,,,,,,0.0604542
raw,test,1,64,,5,5,0,0.015316844083917194,0.015014720083066676,0.01997238470744773,0.019772766415493043,0.019731275983390667,0.019919906342916176,0.01919115887356014,0.02124681592187863,1.0,1.0,64.0,64.0,512.0,1.0,1.0,,,,,,0.0592718
raw,test,1,128,,5,5,0,0.017448286183830108,0.017415340174427075,0.0233009695334288,0.02291719282907656,0.022899832935210612,0.023496071747173494,0.022690235192185753,0.024501514963497565,1.0,1.0,128.0,128.0,1024.0,1.0,1.0,,,,,,0.056041
raw,test,4,32,,5,5,0,0.027186223000605858,0.027164601556516663,0.03961351913699983,0.03948178938534824,0.03945943222188889,0.039680665465761586,0.03919337246111951,0.04025233615088091,1.0,1.0,32.0,32.0,256.0,1.0,1.0,,,,,,0.0607595
raw,test,4,64,,5,5,0,0.038523049512467496,0.03844589509166227,0.06271091281694605,0.06256652873905928,0.06256543172248372,0.06274672703883584,0.06246709637547718,0.06320878020887422,1.0,1.0,64.0,64.0,512.0,1.0,1.0,,,,,,0.0595516
raw,test,4,128,,5,5,0,0.04726488494245157,0.047281231265162066,0.07764372670240961,0.07751448676320012,0.07750896413382904,0.07769169087645689,0.07745543912480651,0.07804805261375553,1.0,1.0,128.0,128.0,1024.0,1.0,1.0,,,,,,0.0564268
raw,test,16,32,,5,5,0,0.11653066666015162,0.11654824382041126,0.20406015333926045,0.20406021512480174,0.20393689481290148,0.20459283347257906,0.20300661511911278,0.20470420816690732,1.0,1.0,32.0,32.0,256.0,1.0,1.0,,,,,,0.0611323
raw,test,16,64,,5,5,0,0.15353267280147226,0.15352420316733645,0.28157911464839996,0.28158924729638174,0.28134932511040894,0.28210383130068134,0.28071755115641045,0.2821356183781174,1.0,1.0,64.0,64.0,512.0,1.0,1.0,,,,,,0.0581749
raw,test,16,128,,5,5,0,0.179680724069264,0.17968968696669194,0.30599455717299834,0.30595235397035986,0.30558854654472434,0.30644206974924815,0.3052819641550858,0.3067078514455736,1.0,1.0,128.0,128.0,1024.0,1.0,1.0,,,,,,0.0531956
raw,validation,1,32,,5,5,0,0.012776962929280706,0.012971888757073112,0.01605089535623467,0.016336567181238135,0.0161774083292254,0.016376463811399643,0.014625625438226791,0.016738412021083376,1.0,1.0,32.0,32.0,256.0,1.0,1.0,,,,,,0.0604542
raw,validation,1,64,,5,5,0,0.014561492997052939,0.014905524111381477,0.018839401301959924,0.01935007654134229,0.018368504850147505,0.019436235588762535,0.01723395039058299,0.019808239138964293,1.0,1.0,64.0,64.0,512.0,1.0,1.0,,,,,,0.0592718
raw,validation,1,128,,5,5,0,0.016940630420095113,0.017315109134517004,0.022588085470685727,0.02310810038000919,0.021375882734737763,0.02318972611089244,0.021101774912132262,0.024164943215657,1.0,1.0,128.0,128.0,1024.0,1.0,1.0,,,,,,0.056041
raw,validation,4,32,,5,5,0,0.024626832591615532,0.02429790156396089,0.03548078434154179,0.03524808021139431,0.035144642152991484,0.03579838820182322,0.03505614299094726,0.03615666815055268,1.0,1.0,32.0,32.0,256.0,1.0,1.0,,,,,,0.0607595
raw,validation,4,64,,5,5,0,0.034701502952800965,0.034660083866973036,0.05608188419425035,0.05598291103896755,0.05593098488542862,0.056305300124103966,0.055754804717566706,0.056435420205184945,1.0,1.0,64.0,64.0,512.0,1.0,1.0,,,,,,0.0595516
raw,validation,4,128,,5,5,0,0.044842649480162484,0.04468741178346794,0.07402612905454467,0.07402505713511623,0.07378359867919666,0.07423282133363648,0.07378284517394984,0.07430632295082411,1.0,1.0,128.0,128.0,1024.0,1.0,1.0,,,,,,0.0564268
raw,validation,16,32,,5,5,0,0.10218456880093645,0.10203193954070024,0.17880212569792353,0.1788801104592664,0.17868402237576425,0.17904818809291334,0.17766659061450465,0.17973171694716894,1.0,1.0,32.0,32.0,256.0,1.0,1.0,,,,,,0.0611323
raw,validation,16,64,,5,5,0,0.14062453174315195,0.14059705138490597,0.2606365282107107,0.26079423013071884,0.26047461675101574,0.2608225989096394,0.25961368181998107,0.26147751344219855,1.0,1.0,64.0,64.0,512.0,1.0,1.0,,,,,,0.0581749
raw,validation,16,128,,5,5,0,0.17077876908752182,0.17091175933170122,0.2989139635323414,0.29910350360002325,0.2989272173120496,0.2991364303136863,0.29804339821464515,0.29935926822130265,1.0,1.0,128.0,128.0,1024.0,1.0,1.0,,,,,,0.0531956
vectorchain,test,1,32,0.01,5,5,0,0.015353899384738162,0.015312352270549652,0.021287750666008652,0.021069350282197707,0.020294111865309227,0.02214239581337069,0.019691842355685336,0.0232410530134803,1.3142462306000335,1.2846840374087982,16.84593837535014,84.2296918767507,673.8375350140057,1.9004793363675094,0.3800958672735019,0.0,0.0,0.0,0.0,False,2.0635446
vectorchain,test,1,32,0.03,5,5,0,0.01585314659061645,0.015650302711045373,0.021023875971660104,0.02088426098752233,0.01987028873218989,0.021097194128177975,0.01973493784795339,0.02353269816245694,1.2967850101748366,1.2979247701287187,3.2750700280112044,16.37535014005602,131.00280112044817,9.80863246922795,1.9617264938455903,0.0,1.0,1.0,0.0,False,0.951096
vectorchain,test,1,32,0.1,5,5,0,0.01330168389184137,0.012777664423803087,0.017342204654421482,0.016166794802993097,0.01598259670281319,0.019907093578083564,0.014467927497411891,0.020186610690805684,1.0709965416689038,1.004288372576096,1.2229691876750701,6.11484593837535,48.9187675070028,26.165914559636764,5.233182911927353,0.6,1.0,1.0,0.6,False,0.7571018
vectorchain,test,1,64,0.01,5,5,0,0.0168434647927774,0.01682161663895086,0.023916330797979356,0.024248064657748383,0.023301266814907517,0.02439187214837105,0.022044989192962255,0.025595461175907566,1.1974475711347627,1.2141667404468166,33.84089635854342,169.2044817927171,1353.6358543417368,1.8918592714287772,0.3783718542857554,0.0,0.0,0.0,0.0,False,4.2133126
vectorchain,test,1,64,0.03,5,5,0,0.016253438261592104,0.015721919745959167,0.021709640724194096,0.020907595965666628,0.02021148038095997,0.022704446531815355,0.019967865354146425,0.0247568153883821,1.085965531591704,1.0894389496442156,6.014565826330532,30.07282913165266,240.5826330532213,10.675596681426317,2.135119336285263,0.6,1.0,1.0,0.6,False,1.680627
vectorchain,test,1,64,0.1,5,5,0,0.0124289183011473,0.012299784382090794,0.015717034766460254,0.0157266374119952,0.015535683342900007,0.016012880879719377,0.013793501816946633,0.017516470380740036,0.7859989493667542,0.7953685934241614,1.6789915966386555,8.394957983193278,67.15966386554622,38.119887555673785,7.623977511134757,1.0,1.0,1.0,1.0,True,1.3823994
vectorchain,test,1,128,0.01,5,5,0,0.016950836236440864,0.01696257843952776,0.02291808504158315,0.02183257262716199,0.02162141221982848,0.023790075467734394,0.021294226415744376,0.026052138477446526,0.9822505253760994,0.9528950245202675,67.94621848739496,339.7310924369748,2717.8487394957983,1.8841945578414894,0.37683891156829785,1.0,0.0,0.0,0.0,False,8.4904469
vectorchain,test,1,128,0.03,5,5,0,0.01668001245166458,0.016594409088847354,0.021852860855865464,0.022203144705419765,0.021013425998623745,0.022671330729509824,0.01806694369392539,0.02530945915184858,0.9377059858671783,0.9253032215879567,11.652100840336136,58.26050420168067,466.08403361344534,11.005415250039633,2.2010830500079264,0.8,1.0,1.0,0.8,True,2.956847
vectorchain,test,1,128,0.1,5,5,0,0.013414451262692695,0.013451048175608637,0.017022426354124716,0.01673631299793981,0.016299916673690778,0.017204414357445293,0.015548767153650086,0.0193227205878976,0.7298421327458834,0.7302950724708893,2.611764705882353,13.058823529411763,104.4705882352941,49.01015011707217,9.802030023414435,1.0,1.0,1.0,1.0,True,2.5594165
vectorchain,test,4,32,0.01,5,5,0,0.03288694201296192,0.0328016497125076,0.05242607538859012,0.05272713811827593,0.0517610657973006,0.05338567545749062,0.049787775997173246,0.0544687215727102,1.323588306373686,1.3453075050018253,16.846153846153847,84.23076923076924,673.8461538461539,1.9004245223076648,0.38008490446153287,0.0,0.0,0.0,0.0,False,2.0894105
vectorchain,test,4,32,0.03,5,5,0,0.03238811860171587,0.03238449712160676,0.04954116959881116,0.05004495486783949,0.04992653639680615,0.05036316072922882,0.04491164079986313,0.05245955520031824,1.2504140548569564,1.2692115955737842,3.278021978021978,16.39010989010989,131.12087912087912,9.795725916391884,1.9591451832783768,0.0,1.0,1.0,0.0,False,0.94268
vectorchain,test,4,32,0.1,5,5,0,0.02157506194318811,0.019894576167300847,0.03390202563651136,0.029083289316642495,0.028623090831822955,0.034061747572332796,0.024841712681003703,0.05290028778075483,0.8566877441341557,0.7329335074215673,1.2241758241758243,6.1208791208791204,48.967032967032964,26.140120034595746,5.228024006919151,0.8,1.0,1.0,0.8,True,0.7976859
vectorchain,test,4,64,0.01,5,5,0,0.03800546559936674,0.038369664662920334,0.06014792224210648,0.06082858879121933,0.05816731526196055,0.061444521058327164,0.05665241024583793,0.06364677585318745,0.9591307744665972,0.9623439748435342,33.84450549450549,169.22252747252747,1353.7802197802198,1.8916447711106286,0.3783289542221257,1.0,0.0,0.0,0.0,False,4.1493552
vectorchain,test,4,64,0.03,5,5,0,0.03346820219156424,0.03454600107380882,0.050472601456619484,0.05116737845164483,0.047381698874915855,0.052961209263235866,0.04551188053500962,0.055340840158291243,0.8047972612053877,0.8154589229805692,6.018681318681319,30.09340659340659,240.74725274725273,10.664378709741595,2.132875741948319,1.0,1.0,1.0,1.0,True,1.7118599
vectorchain,test,4,64,0.1,5,5,0,0.018905887277140737,0.019020941868708154,0.026578980227375537,0.02618252654553255,0.025052720955145075,0.02837950122375335,0.02375335006491114,0.02952680234753557,0.4238233711493004,0.4184823124320185,1.6796703296703295,8.398351648351648,67.18681318681318,38.104414976858756,7.620882995371751,1.0,1.0,1.0,1.0,True,1.3930862
vectorchain,test,4,128,0.01,5,5,0,0.036786088116798885,0.038640307034824926,0.05461271162756596,0.056598100796399396,0.0499375031448948,0.05795474011006669,0.04856328825728289,0.06000992582918598,0.7033156109948103,0.7251699293061452,67.95934065934065,339.7967032967033,2718.3736263736264,1.883842330969695,0.376768466193939,1.0,0.0,0.0,0.0,False,8.2392368
vectorchain,test,4,128,0.03,5,5,0,0.035704689098570386,0.03458024539552123,0.054207046776711995,0.05346383223273184,0.052218333168174584,0.05371507504033051,0.04531955444934715,0.0663184389929759,0.6980898232425223,0.6882308173165558,11.65879120879121,58.293956043956044,466.35164835164835,10.997225154905358,2.199445030981072,1.0,1.0,1.0,1.0,True,2.9311949
vectorchain,test,4,128,0.1,5,5,0,0.0266318215195775,0.027280294555835496,0.041119274688784194,0.04124664934316991,0.040713193647886656,0.04167445869494322,0.037271476067254145,0.044690595690667044,0.5295710321823459,0.5284776232315683,2.6137362637362633,13.06868131868132,104.54945054945055,48.97313635857132,9.794627271714262,1.0,1.0,1.0,1.0,True,2.5079756
vectorchain,test,16,32,0.01,5,5,0,0.13345929752851998,0.13342172142142839,0.23709493201991502,0.2379262806992077,0.23185709493655368,0.23892438192833812,0.23150314980799944,0.24526375272747625,1.1618611728195143,1.165961138253695,16.803846153846155,84.01923076923076,672.1538461538461,1.9050656472360772,0.38101312944721544,0.0,0.0,0.0,0.0,False,2.0989257
vectorchain,test,16,32,0.03,5,5,0,0.12197160682325554,0.12251959509532874,0.21054707505419956,0.21264552289821806,0.21091701585346187,0.21265563675932372,0.19364413499180455,0.22287306476818966,1.0317555890477919,1.0394090210780784,3.2730769230769226,16.365384615384617,130.92307692307693,9.807134819879199,1.9614269639758397,1.0,1.0,1.0,1.0,True,0.9315939
vectorchain,test,16,32,0.1,5,5,0,0.08617055325930685,0.08246606148364594,0.173729017554676,0.16275984707840646,0.15546035486646384,0.20628613704789392,0.09751287856631356,0.24662587021430224,0.8516797944178306,0.798089267896953,1.2241758241758243,6.1208791208791204,48.967032967032964,26.140120034595746,5.228024006919151,0.8,1.0,1.0,0.8,True,0.7484487
vectorchain,test,16,64,0.01,5,5,0,0.14833379039791963,0.1489265122388708,0.24402350760882624,0.24574346767213068,0.24055251438619538,0.24943255096511655,0.23257130716085175,0.2518176978598369,0.8666286317616546,0.8711099971208975,33.83791208791209,169.18956043956044,1353.5164835164835,1.8919107045946038,0.37838214091892075,1.0,0.0,0.0,0.0,False,4.0795406
vectorchain,test,16,64,0.03,5,5,0,0.12424217054694757,0.12026241678112304,0.2006852523518799,0.19882407684430833,0.19503048534778414,0.20705421069503593,0.1838402878138158,0.21867720105845526,0.712739170481321,0.7047904168036307,6.045054945054945,30.225274725274726,241.8021978021978,10.609026660143895,2.121805332028779,1.0,1.0,1.0,1.0,True,1.6392824
vectorchain,test,16,64,0.1,5,5,0,0.08683395350196502,0.08650610505879888,0.16306549482039745,0.16146420973170234,0.1512309299245292,0.16765018491652936,0.14822693882403112,0.18675521070519516,0.579166375703131,0.5734033216181584,1.6785714285714284,8.392857142857142,67.14285714285714,38.12999359973057,7.625998719946115,1.0,1.0,1.0,1.0,True,1.3729773
vectorchain,test,16,128,0.01,5,5,0,0.13460620393777253,0.13678793609804896,0.20769829480939653,0.21054778046603503,0.1963252936705497,0.21790769619345732,0.19482432331613142,0.21888638040080918,0.6787544698631748,0.6870720480328293,67.99120879120878,339.95604395604397,2719.6483516483518,1.8828997583113907,0.37657995166227815,1.0,0.0,0.0,0.0,False,8.3300089
vectorchain,test,16,128,0.03,5,5,0,0.1315053530108395,0.125807591263256,0.22086124340349392,0.21452331226846014,0.21128160843505356,0.22066631314847546,0.201700225709059,0.25613475745642134,0.7217049000841118,0.7000452400155037,11.688461538461539,58.44230769230769,467.53846153846155,10.964241285351646,2.192848257070329,1.0,1.0,1.0,1.0,True,3.0273277
vectorchain,test,16,128,0.1,5,5,0,0.12763343573886698,0.1269031751512994,0.24431579001556708,0.2400086070816242,0.23985525647287986,0.24897127015116619,0.23373590755453336,0.25900790881763175,0.7984175888764091,0.7848960937342457,2.6142857142857143,13.071428571428573,104.57142857142858,48.962863355766544,9.792572671153309,1.0,1.0,1.0,1.0,True,2.5084571
vectorchain,validation,1,32,0.01,5,5,0,0.014620229356162922,0.014649438483014731,0.019804343045208603,0.01956858851594978,0.019550391805921562,0.019852861495713837,0.01906713418427326,0.020982739224184574,1.2355966591388032,1.2122801188553463,17.019607843137255,85.09803921568627,680.7843137254902,1.8806148008201085,0.37612296016402164,0.0,0.0,0.0,0.0,False,2.0635446
vectorchain,validation,1,32,0.03,5,5,0,0.015161647891789785,0.015228849242713099,0.02006632883038562,0.019466436326699525,0.01936474901284805,0.0205578634729616,0.01910569926559489,0.021836896073824025,1.251379529590718,1.2281848150868384,3.403361344537815,17.016806722689076,136.1344537815126,9.426468533719934,1.8852937067439863,0.0,1.0,1.0,0.0,False,0.951096
vectorchain,validation,1,32,0.1,5,5,0,0.01400966054417373,0.013873010252385487,0.018445816475572124,0.01758197558498244,0.016092389226893128,0.019153407389457935,0.01609070940851889,0.02331060076800823,1.1511496858559325,1.076234400405405,1.2106442577030812,6.053221288515406,48.42577030812325,26.432456643799135,5.286491328759826,0.6,1.0,1.0,0.6,False,0.7571018
vectorchain,validation,1,64,0.01,5,5,0,0.016719738461871154,0.01658175021390081,0.023365917324622346,0.023253571976644096,0.02258718640801144,0.02361853739543724,0.021840874556937246,0.025529416286081696,1.2425415430953342,1.2205914196243717,34.25714285714285,171.28571428571428,1370.2857142857142,1.8688066025471048,0.37376132050942096,0.0,0.0,0.0,0.0,False,4.2133126
vectorchain,validation,1,64,0.03,5,5,0,0.01584233478038897,0.01601273842636122,0.0211358743703541,0.021151651165950778,0.02046157768476182,0.021585791565918052,0.019263344802218096,0.02321700663292176,1.1243681588131254,1.0931042634771673,6.321008403361345,31.60504201680672,252.84033613445376,10.158737364293192,2.031747472858638,0.6,1.0,1.0,0.6,False,1.680627
vectorchain,validation,1,64,0.1,5,5,0,0.012965340148316618,0.01271650264245207,0.016512610191921406,0.01645122097329093,0.016178499747455846,0.016737507203164352,0.015556982412287413,0.017638840623408487,0.8783663617174939,0.8807739050860162,1.673389355742297,8.366946778711483,66.93557422969187,38.246487858108914,7.649297571621784,1.0,1.0,1.0,1.0,True,1.3823994
vectorchain,validation,1,128,0.01,5,5,0,0.01708694263224704,0.017436562308401883,0.02293319679072351,0.023120047747209917,0.021299849485663592,0.023447677249137988,0.020554955346065995,0.026243454125540067,1.0158864339381766,0.974086560569278,68.42240896358543,342.1120448179272,2736.8963585434176,1.8713573131081442,0.37427146262162886,0.8,0.0,0.0,0.0,False,8.4904469
vectorchain,validation,1,128,0.03,5,5,0,0.015999738795937562,0.015867700122586495,0.0210402004725383,0.02058597912139329,0.019527850955816693,0.02113444856243551,0.01868560372610518,0.025267119996940816,0.9308117005262353,0.9254127217795951,12.035294117647059,60.17647058823529,481.4117647058823,10.710644462826517,2.142128892565303,1.0,1.0,1.0,1.0,True,2.956847
vectorchain,validation,1,128,0.1,5,5,0,0.013176782300329728,0.012958221107515563,0.016696787421973502,0.016494284367592912,0.01585883330693249,0.01743948704857941,0.015049196463198668,0.018642135923564035,0.7395102923889076,0.7216854139876473,2.630252100840336,13.151260504201678,105.21008403361343,48.665132340539486,9.733026468107898,1.0,1.0,1.0,1.0,True,2.5594165
vectorchain,validation,4,32,0.01,5,5,0,0.03101647212908219,0.03092599601957956,0.04879178557816986,0.04825868060756385,0.04803322369641189,0.04925304153252414,0.04747792895687405,0.0509360530974754,1.3753755395642724,1.3731447427316061,17.02689075630252,85.1344537815126,681.0756302521008,1.8798808872102086,0.37597617744204176,0.0,0.0,0.0,0.0,False,2.0894105
vectorchain,validation,4,32,0.03,5,5,0,0.03173551331107779,0.03218815615835978,0.04769789164814843,0.04865882849059038,0.048113382872592536,0.049998995561948936,0.04162420772890343,0.050094043586706855,1.3440028505781085,1.3690104643303975,3.4,17.0,136.0,9.436091511619422,1.8872183023238844,0.0,1.0,1.0,0.0,False,0.94268
vectorchain,validation,4,32,0.1,5,5,0,0.022901222312307904,0.022303628710349042,0.03539339153462753,0.034639900841485695,0.028618326113365514,0.03631306879478533,0.023732286193509883,0.05366337572999123,0.9973014264937635,0.9580501360703005,1.2106442577030812,6.053221288515406,48.42577030812325,26.432456643799135,5.286491328759826,0.8,1.0,1.0,0.8,True,0.7976859
vectorchain,validation,4,64,0.01,5,5,0,0.03722457852750557,0.03715250955540361,0.05795286358552164,0.05770941987411349,0.054848165757852695,0.05929651644724323,0.05373156603728771,0.06417864981111111,1.033320648300934,1.022574469443066,34.24929971988796,171.24649859943978,1369.9719887955182,1.8693149681599646,0.37386299363199293,0.8,0.0,0.0,0.0,False,4.1493552
vectorchain,validation,4,64,0.03,5,5,0,0.033144717482650826,0.03297268658614941,0.04910169133495597,0.049037564971053334,0.04687028109000284,0.049626970613846556,0.04346004802741885,0.056513591972458276,0.8754864013714208,0.8689146779232816,6.323809523809524,31.61904761904762,252.95238095238096,10.157002689605868,2.0314005379211735,1.0,1.0,1.0,1.0,True,1.7118599
vectorchain,validation,4,64,0.1,5,5,0,0.018974810343090575,0.018578951024382732,0.02678559582852815,0.02516716589555154,0.025073490549388927,0.026149342197243453,0.02314655749335287,0.03439142300710397,0.4777428322713832,0.44970995192973934,1.6722689075630253,8.361344537815127,66.89075630252101,38.27221910899201,7.654443821798402,1.0,1.0,1.0,1.0,True,1.3930862
vectorchain,validation,4,128,0.01,5,5,0,0.036389742228723126,0.03827781557022298,0.0534142047467487,0.056029792122509504,0.047178367824284875,0.057235695376054635,0.04640069734516595,0.06022647106572854,0.7215147367829681,0.754038013152528,68.40448179271708,342.02240896358546,2736.1792717086837,1.8718764745807654,0.3743752949161531,1.0,0.0,0.0,0.0,False,8.2392368
vectorchain,validation,4,128,0.03,5,5,0,0.03387224726550457,0.03364172341745075,0.050899016373759855,0.04999384761323165,0.04863189371419394,0.05345126995006994,0.04095792622395885,0.0614601443673449,0.6874213452703402,0.6734736295221257,12.030252100840334,60.15126050420167,481.2100840336134,10.720664796660648,2.1441329593321297,1.0,1.0,1.0,1.0,True,2.9311949
vectorchain,validation,4,128,0.1,5,5,0,0.023739669650531564,0.023173242902950607,0.035659829652785316,0.03527219645270353,0.03479138484619092,0.03612513807581777,0.03314629208988719,0.03896413679932717,0.4816564650517643,0.4764899591812811,2.6291316526610644,13.145658263305322,105.16526610644257,48.68577512362505,9.73715502472501,1.0,1.0,1.0,1.0,True,2.5079756
vectorchain,validation,16,32,0.01,5,5,0,0.12925481837850644,0.1299856350530172,0.22574048170827518,0.22559227914973756,0.22245632129812215,0.23007585051537469,0.21833790840521242,0.23224004917292906,1.2626017736884392,1.2599528738747756,17.03249299719888,85.1624649859944,681.2997198879552,1.8793760731150324,0.3758752146230065,0.0,0.0,0.0,0.0,False,2.0989257
vectorchain,validation,16,32,0.03,5,5,0,0.12386578353933428,0.1244066981551316,0.21062848202680945,0.2163157353389594,0.21495869444691515,0.21662746374490702,0.18383763531605812,0.22140288128720753,1.1780783424785952,1.209277737941791,3.3971988795518206,16.985994397759104,135.88795518207283,9.44476778867027,1.888953557734054,0.2,1.0,1.0,0.2,False,0.9315939
vectorchain,validation,16,32,0.1,5,5,0,0.09292370674569216,0.09124434947581339,0.17683103390847968,0.16858329016912102,0.16142769722320743,0.20327461892577142,0.09652461839439605,0.25434494482990255,0.9900484642430349,0.9415526175648212,1.2106442577030812,6.053221288515406,48.42577030812325,26.432456643799135,5.286491328759826,0.6,1.0,1.0,0.6,False,0.7484487
vectorchain,validation,16,64,0.01,5,5,0,0.13741743956991126,0.13756929291497252,0.22002918268864646,0.22242674243998004,0.2107795738551283,0.2238792444099595,0.20336580509824215,0.23969454763992237,0.8442960344265336,0.8528821451628446,34.20840336134454,171.0420168067227,1368.3361344537816,1.8716765371108401,0.37433530742216803,1.0,0.0,0.0,0.0,False,4.0795406
vectorchain,validation,16,64,0.03,5,5,0,0.11925489092749213,0.11982318189085552,0.18657563989523024,0.18869294932175712,0.1844754209662734,0.18937723417183822,0.16688197048633358,0.20345062452994903,0.7159088549142238,0.7216412105107043,6.307002801120449,31.535014005602243,252.28011204481794,10.1912053683794,2.03824107367588,1.0,1.0,1.0,1.0,True,1.6392824
vectorchain,validation,16,64,0.1,5,5,0,0.0788655804530826,0.08024329296792256,0.15671977166267376,0.15432743848427335,0.1404014661016124,0.15682920056318192,0.13102093513062976,0.20101981803367133,0.6014455963182622,0.5902130414682428,1.6649859943977592,8.324929971988798,66.59943977591038,38.43970146221256,7.68794029244251,1.0,1.0,1.0,1.0,True,1.3729773
vectorchain,validation,16,128,0.01,5,5,0,0.13013866480813724,0.13419160333251448,0.19999895858473074,0.21048110141051002,0.1802792968678053,0.2158319026899513,0.1765900461956185,0.21681244575976852,0.6691458753381138,0.7041215694681598,68.34397759103642,341.71988795518206,2733.7591036414565,1.8735626626473418,0.3747125325294684,1.0,0.0,0.0,0.0,False,8.3300089
vectorchain,validation,16,128,0.03,5,5,0,0.1268456576804076,0.12593161083323842,0.21194030972591094,0.21053317507311203,0.20908070809646084,0.21159524212283748,0.18069385383004724,0.247798569507097,0.7090459822808377,0.7038806718715269,12.016806722689076,60.08403361344538,480.672268907563,10.747360553258572,2.1494721106517147,1.0,1.0,1.0,1.0,True,3.0273277
vectorchain,validation,16,128,0.1,5,5,0,0.10420051469344674,0.10078588888401943,0.1944218706144035,0.18612943592269743,0.18394520364383854,0.2088673311704849,0.178038886808742,0.21512849552625457,0.6503757551891731,0.6226580423033118,2.6179271708683474,13.089635854341736,104.71708683473389,48.894105303965276,9.778821060793055,1.0,1.0,1.0,1.0,True,2.5084571
