signal,signal_seed,tolerance,status,error_type,error_message,n_points,n_vectors,compression_factor,retention_fraction,mae,rmse,transform_runtime_median_s,transform_runtime_q1_s,transform_runtime_q3_s,reconstruction_runtime_median_s,reconstruction_runtime_q1_s,reconstruction_runtime_q3_s
sine,5903279023229027532,0.001,ok,,,1000,940,1.0638297872340425,0.94,2.599123915911198e-05,0.00012879554107791442,0.2241782,0.2238148,0.2313453,0.0046899,0.0046745,0.005005
sine,5903279023229027532,0.003,ok,,,1000,824,1.2135922330097086,0.824,0.000254250486955002,0.0007075484914825505,0.1777244,0.1769801,0.1828577,0.0041746,0.0038264,0.0041772
sine,5903279023229027532,0.01,ok,,,1000,523,1.9120458891013383,0.523,0.002284034156398808,0.003867519336454078,0.0842754,0.0840633,0.0855886,0.0027293,0.002481,0.0028402
sine,5903279023229027532,0.03,ok,,,1000,90,11.11111111111111,0.09,0.00937089821807287,0.012107945947281689,0.0156142,0.0155341,0.0156202,0.0004912,0.0004832,0.000503
sine,5903279023229027532,0.1,ok,,,1000,19,52.63157894736842,0.019,0.050175245776009035,0.056819990128740165,0.0115804,0.0115197,0.0116437,0.000139,0.0001369,0.0001397
chirp,408835176976195895,0.001,ok,,,1000,923,1.0834236186348862,0.923,3.685696738066305e-05,0.00015562821466113036,0.2204495,0.2191782,0.221767,0.004823,0.0046667,0.0048589
chirp,408835176976195895,0.003,ok,,,1000,812,1.2315270935960592,0.812,0.00025810450122273573,0.0006989245067802067,0.1841341,0.1812286,0.1853651,0.0038145,0.0037778,0.0041097
chirp,408835176976195895,0.01,ok,,,1000,531,1.8832391713747645,0.531,0.002204321360593099,0.003766052851405028,0.0881246,0.0877437,0.0885791,0.0025107,0.0024884,0.0025108
chirp,408835176976195895,0.03,ok,,,1000,98,10.204081632653061,0.098,0.010162771587545536,0.012951462554379276,0.0159693,0.0157056,0.017361,0.0005458,0.0005374,0.0005466
chirp,408835176976195895,0.1,ok,,,1000,27,37.03703703703704,0.027,0.049833396758781505,0.05690087992442786,0.0119672,0.011961,0.0121904,0.0001785,0.0001783,0.0001793
ramp,2525541738255795592,0.001,ok,,,1000,942,1.0615711252653928,0.942,2.92278025117253e-05,0.00014216139613067928,0.2266318,0.2252777,0.2269118,0.0045261,0.0044905,0.0045993
ramp,2525541738255795592,0.003,ok,,,1000,822,1.2165450121654502,0.822,0.00027792464307748024,0.0007505284564281798,0.1798978,0.179292,0.1811638,0.0039629,0.0039388,0.0042586
ramp,2525541738255795592,0.01,ok,,,1000,515,1.941747572815534,0.515,0.0022502841936931964,0.0038094346806493997,0.0878223,0.0874938,0.0906572,0.0025463,0.0025378,0.0035996
ramp,2525541738255795592,0.03,ok,,,1000,70,14.285714285714286,0.07,0.009116115691985921,0.011658549047633651,0.0140139,0.0138635,0.0140394,0.0003889,0.0003833,0.0003969
ramp,2525541738255795592,0.1,ok,,,1000,1,1000.0,0.001,0.012259711086420757,0.014705789261516144,0.0303245,0.0301625,0.0303743,4.88e-05,4.81e-05,4.9e-05
piecewise_linear,8232356733117608449,0.001,ok,,,1000,942,1.0615711252653928,0.942,2.3883924103603557e-05,0.00011811233974590126,0.2293106,0.2285537,0.2343824,0.0048229,0.0044854,0.0048386
piecewise_linear,8232356733117608449,0.003,ok,,,1000,821,1.218026796589525,0.821,0.0002741908788478636,0.0007463756132617078,0.1782037,0.1771461,0.1788676,0.0040454,0.0039646,0.0041901
piecewise_linear,8232356733117608449,0.01,ok,,,1000,527,1.8975332068311195,0.527,0.0023488362227238515,0.003974874131699979,0.0886791,0.0885344,0.0909748,0.0031914,0.0030522,0.0032133
piecewise_linear,8232356733117608449,0.03,ok,,,1000,76,13.157894736842104,0.076,0.008979791485449404,0.011533419294281099,0.0143651,0.0142808,0.0144071,0.0004225,0.0004144,0.0004349
piecewise_linear,8232356733117608449,0.1,ok,,,1000,4,250.0,0.004,0.029106093777082804,0.03706471710273478,0.0155217,0.0154302,0.0156003,6.82e-05,6.78e-05,6.82e-05
first_order_response,7754526753939400464,0.001,ok,,,1000,950,1.0526315789473684,0.95,2.1288445407665764e-05,0.00011224115688859452,0.2325244,0.23071,0.2373893,0.0044315,0.0043629,0.004481
first_order_response,7754526753939400464,0.003,ok,,,1000,826,1.2106537530266344,0.826,0.0002564118311034642,0.0007064372448274479,0.1842549,0.1829569,0.1895088,0.0039321,0.00392,0.0039546
first_order_response,7754526753939400464,0.01,ok,,,1000,507,1.9723865877712032,0.507,0.0022656245104373564,0.0038022753236194168,0.0857034,0.084441,0.0905351,0.0025507,0.0024583,0.0025554
first_order_response,7754526753939400464,0.03,ok,,,1000,65,15.384615384615385,0.065,0.008922231721308864,0.011449717278705205,0.0137251,0.0135738,0.0142768,0.0003668,0.0003662,0.0003753
first_order_response,7754526753939400464,0.1,ok,,,1000,3,333.3333333333333,0.003,0.03508380752660442,0.04179358607017311,0.0188634,0.018819,0.018964,6.55e-05,6.46e-05,6.61e-05
second_order_response,3453063256976350239,0.001,ok,,,1000,931,1.0741138560687433,0.931,3.3857961641754363e-05,0.00015077821129043105,0.2343747,0.2343593,0.2347078,0.0044254,0.0044123,0.0044961
second_order_response,3453063256976350239,0.003,ok,,,1000,816,1.2254901960784315,0.816,0.0002529184399968998,0.0006892221567835025,0.1792863,0.17759,0.1818759,0.0038894,0.0038628,0.0039738
second_order_response,3453063256976350239,0.01,ok,,,1000,514,1.9455252918287937,0.514,0.002211263109150017,0.0037311245480270952,0.084773,0.0838002,0.0860949,0.002533,0.0025317,0.0025911
second_order_response,3453063256976350239,0.03,ok,,,1000,79,12.658227848101266,0.079,0.009051023892341338,0.011618976221610256,0.0145022,0.0142287,0.0148568,0.0004509,0.0004467,0.0004592
second_order_response,3453063256976350239,0.1,ok,,,1000,9,111.11111111111111,0.009,0.039153153345252,0.04715291098090035,0.0130373,0.0129983,0.0130405,9.57e-05,9.45e-05,9.62e-05
regime_change,4695181564452026195,0.001,ok,,,1000,933,1.0718113612004287,0.933,3.564590229294005e-05,0.00015419727883748326,0.2264969,0.2260006,0.2289638,0.0044986,0.0043414,0.0048631
regime_change,4695181564452026195,0.003,ok,,,1000,838,1.1933174224343674,0.838,0.00022630929802150453,0.000661321549043885,0.1874445,0.1854603,0.1907865,0.0039844,0.0039767,0.0041615
regime_change,4695181564452026195,0.01,ok,,,1000,540,1.8518518518518519,0.54,0.0022084149730307967,0.0038012698153527197,0.0909717,0.0902588,0.0917538,0.0027592,0.0026561,0.0033673
regime_change,4695181564452026195,0.03,ok,,,1000,108,9.25925925925926,0.108,0.00963923897514708,0.012453464798121944,0.0167679,0.0164006,0.0170465,0.0005756,0.0005741,0.0005829
regime_change,4695181564452026195,0.1,ok,,,1000,33,30.303030303030305,0.033,0.046444724037693036,0.053716659069771314,0.0125828,0.0123782,0.0128505,0.0002158,0.0002152,0.0002171
