signal,signal_seed,tolerance,phase,repetition,duration_s
sine,5903279023229027532,0.001,transform,0,0.2241782
sine,5903279023229027532,0.001,reconstruction,0,0.0046899
sine,5903279023229027532,0.001,transform,1,0.2218246
sine,5903279023229027532,0.001,reconstruction,1,0.005005
sine,5903279023229027532,0.001,transform,2,0.2238148
sine,5903279023229027532,0.001,reconstruction,2,0.0053304
sine,5903279023229027532,0.001,transform,3,0.2336097
sine,5903279023229027532,0.001,reconstruction,3,0.0046745
sine,5903279023229027532,0.001,transform,4,0.2313453
sine,5903279023229027532,0.001,reconstruction,4,0.0044631
sine,5903279023229027532,0.003,transform,0,0.1740042
sine,5903279023229027532,0.003,reconstruction,0,0.0037904
sine,5903279023229027532,0.003,transform,1,0.1769801
sine,5903279023229027532,0.003,reconstruction,1,0.0041772
sine,5903279023229027532,0.003,transform,2,0.1777244
sine,5903279023229027532,0.003,reconstruction,2,0.0038264
sine,5903279023229027532,0.003,transform,3,0.1863675
sine,5903279023229027532,0.003,reconstruction,3,0.0046039
sine,5903279023229027532,0.003,transform,4,0.1828577
sine,5903279023229027532,0.003,reconstruction,4,0.0041746
sine,5903279023229027532,0.01,transform,0,0.0855886
sine,5903279023229027532,0.01,reconstruction,0,0.0027293
sine,5903279023229027532,0.01,transform,1,0.0838346
sine,5903279023229027532,0.01,reconstruction,1,0.002481
sine,5903279023229027532,0.01,transform,2,0.0842754
sine,5903279023229027532,0.01,reconstruction,2,0.0028402
sine,5903279023229027532,0.01,transform,3,0.0840633
sine,5903279023229027532,0.01,reconstruction,3,0.0024568
sine,5903279023229027532,0.01,transform,4,0.086907
sine,5903279023229027532,0.01,reconstruction,4,0.0031223
sine,5903279023229027532,0.03,transform,0,0.0156202
sine,5903279023229027532,0.03,reconstruction,0,0.0004832
sine,5903279023229027532,0.03,transform,1,0.0152657
sine,5903279023229027532,0.03,reconstruction,1,0.0004814
sine,5903279023229027532,0.03,transform,2,0.0156142
sine,5903279023229027532,0.03,reconstruction,2,0.0004912
sine,5903279023229027532,0.03,transform,3,0.0164908
sine,5903279023229027532,0.03,reconstruction,3,0.0005309
sine,5903279023229027532,0.03,transform,4,0.0155341
sine,5903279023229027532,0.03,reconstruction,4,0.000503
sine,5903279023229027532,0.1,transform,0,0.0115197
sine,5903279023229027532,0.1,reconstruction,0,0.0001405
sine,5903279023229027532,0.1,transform,1,0.0111282
sine,5903279023229027532,0.1,reconstruction,1,0.0001305
sine,5903279023229027532,0.1,transform,2,0.0116437
sine,5903279023229027532,0.1,reconstruction,2,0.0001397
sine,5903279023229027532,0.1,transform,3,0.0118155
sine,5903279023229027532,0.1,reconstruction,3,0.000139
sine,5903279023229027532,0.1,transform,4,0.0115804
sine,5903279023229027532,0.1,reconstruction,4,0.0001369
chirp,408835176976195895,0.001,transform,0,0.2191782
chirp,408835176976195895,0.001,reconstruction,0,0.004823
chirp,408835176976195895,0.001,transform,1,0.2204495
chirp,408835176976195895,0.001,reconstruction,1,0.005322
chirp,408835176976195895,0.001,transform,2,0.2244073
chirp,408835176976195895,0.001,reconstruction,2,0.0048589
chirp,408835176976195895,0.001,transform,3,0.221767
chirp,408835176976195895,0.001,reconstruction,3,0.0046667
chirp,408835176976195895,0.001,transform,4,0.2165629
chirp,408835176976195895,0.001,reconstruction,4,0.0042332
chirp,408835176976195895,0.003,transform,0,0.1812286
chirp,408835176976195895,0.003,reconstruction,0,0.0045194
chirp,408835176976195895,0.003,transform,1,0.1853651
chirp,408835176976195895,0.003,reconstruction,1,0.0038145
chirp,408835176976195895,0.003,transform,2,0.1878843
chirp,408835176976195895,0.003,reconstruction,2,0.0037778
chirp,408835176976195895,0.003,transform,3,0.1841341
chirp,408835176976195895,0.003,reconstruction,3,0.0041097
chirp,408835176976195895,0.003,transform,4,0.1775037
chirp,408835176976195895,0.003,reconstruction,4,0.0037424
chirp,408835176976195895,0.01,transform,0,0.0885791
chirp,408835176976195895,0.01,reconstruction,0,0.0024836
chirp,408835176976195895,0.01,transform,1,0.0881246
chirp,408835176976195895,0.01,reconstruction,1,0.0024884
chirp,408835176976195895,0.01,transform,2,0.0877437
chirp,408835176976195895,0.01,reconstruction,2,0.0028255
chirp,408835176976195895,0.01,transform,3,0.0873984
chirp,408835176976195895,0.01,reconstruction,3,0.0025107
chirp,408835176976195895,0.01,transform,4,0.0892859
chirp,408835176976195895,0.01,reconstruction,4,0.0025108
chirp,408835176976195895,0.03,transform,0,0.0157056
chirp,408835176976195895,0.03,reconstruction,0,0.0005374
chirp,408835176976195895,0.03,transform,1,0.0156795
chirp,408835176976195895,0.03,reconstruction,1,0.0005458
chirp,408835176976195895,0.03,transform,2,0.0159693
chirp,408835176976195895,0.03,reconstruction,2,0.0005353
chirp,408835176976195895,0.03,transform,3,0.0191351
chirp,408835176976195895,0.03,reconstruction,3,0.0005766
chirp,408835176976195895,0.03,transform,4,0.017361
chirp,408835176976195895,0.03,reconstruction,4,0.0005466
chirp,408835176976195895,0.1,transform,0,0.0125593
chirp,408835176976195895,0.1,reconstruction,0,0.0001783
chirp,408835176976195895,0.1,transform,1,0.011961
chirp,408835176976195895,0.1,reconstruction,1,0.0001785
chirp,408835176976195895,0.1,transform,2,0.0119672
chirp,408835176976195895,0.1,reconstruction,2,0.0001793
chirp,408835176976195895,0.1,transform,3,0.0121904
chirp,408835176976195895,0.1,reconstruction,3,0.0001793
chirp,408835176976195895,0.1,transform,4,0.0115621
chirp,408835176976195895,0.1,reconstruction,4,0.0001755
ramp,2525541738255795592,0.001,transform,0,0.2247385
ramp,2525541738255795592,0.001,reconstruction,0,0.0044905
ramp,2525541738255795592,0.001,transform,1,0.2252777
ramp,2525541738255795592,0.001,reconstruction,1,0.0045993
ramp,2525541738255795592,0.001,transform,2,0.2269118
ramp,2525541738255795592,0.001,reconstruction,2,0.0045261
ramp,2525541738255795592,0.001,transform,3,0.2284367
ramp,2525541738255795592,0.001,reconstruction,3,0.0043907
ramp,2525541738255795592,0.001,transform,4,0.2266318
ramp,2525541738255795592,0.001,reconstruction,4,0.0051763
ramp,2525541738255795592,0.003,transform,0,0.1798978
ramp,2525541738255795592,0.003,reconstruction,0,0.0038577
ramp,2525541738255795592,0.003,transform,1,0.1811638
ramp,2525541738255795592,0.003,reconstruction,1,0.0043891
ramp,2525541738255795592,0.003,transform,2,0.179292
ramp,2525541738255795592,0.003,reconstruction,2,0.0042586
ramp,2525541738255795592,0.003,transform,3,0.1816163
ramp,2525541738255795592,0.003,reconstruction,3,0.0039629
ramp,2525541738255795592,0.003,transform,4,0.1790311
ramp,2525541738255795592,0.003,reconstruction,4,0.0039388
ramp,2525541738255795592,0.01,transform,0,0.0874938
ramp,2525541738255795592,0.01,reconstruction,0,0.0024602
ramp,2525541738255795592,0.01,transform,1,0.0906572
ramp,2525541738255795592,0.01,reconstruction,1,0.0025463
ramp,2525541738255795592,0.01,transform,2,0.0872633
ramp,2525541738255795592,0.01,reconstruction,2,0.0025378
ramp,2525541738255795592,0.01,transform,3,0.0878223
ramp,2525541738255795592,0.01,reconstruction,3,0.0035996
ramp,2525541738255795592,0.01,transform,4,0.0915
ramp,2525541738255795592,0.01,reconstruction,4,0.0039364
ramp,2525541738255795592,0.03,transform,0,0.013843
ramp,2525541738255795592,0.03,reconstruction,0,0.0003889
ramp,2525541738255795592,0.03,transform,1,0.0142228
ramp,2525541738255795592,0.03,reconstruction,1,0.0003789
ramp,2525541738255795592,0.03,transform,2,0.0140139
ramp,2525541738255795592,0.03,reconstruction,2,0.0005013
ramp,2525541738255795592,0.03,transform,3,0.0138635
ramp,2525541738255795592,0.03,reconstruction,3,0.0003969
ramp,2525541738255795592,0.03,transform,4,0.0140394
ramp,2525541738255795592,0.03,reconstruction,4,0.0003833
ramp,2525541738255795592,0.1,transform,0,0.0303245
ramp,2525541738255795592,0.1,reconstruction,0,4.81e-05
ramp,2525541738255795592,0.1,transform,1,0.0301625
ramp,2525541738255795592,0.1,reconstruction,1,4.9e-05
ramp,2525541738255795592,0.1,transform,2,0.0304602
ramp,2525541738255795592,0.1,reconstruction,2,5.07e-05
ramp,2525541738255795592,0.1,transform,3,0.030049
ramp,2525541738255795592,0.1,reconstruction,3,4.88e-05
ramp,2525541738255795592,0.1,transform,4,0.0303743
ramp,2525541738255795592,0.1,reconstruction,4,4.75e-05
piecewise_linear,8232356733117608449,0.001,transform,0,0.2293106
piecewise_linear,8232356733117608449,0.001,reconstruction,0,0.0043763
piecewise_linear,8232356733117608449,0.001,transform,1,0.2285537
piecewise_linear,8232356733117608449,0.001,reconstruction,1,0.0044854
piecewise_linear,8232356733117608449,0.001,transform,2,0.2359269
piecewise_linear,8232356733117608449,0.001,reconstruction,2,0.0048386
piecewise_linear,8232356733117608449,0.001,transform,3,0.2237892
piecewise_linear,8232356733117608449,0.001,reconstruction,3,0.0048229
piecewise_linear,8232356733117608449,0.001,transform,4,0.2343824
piecewise_linear,8232356733117608449,0.001,reconstruction,4,0.0050002
piecewise_linear,8232356733117608449,0.003,transform,0,0.1767745
piecewise_linear,8232356733117608449,0.003,reconstruction,0,0.0040454
piecewise_linear,8232356733117608449,0.003,transform,1,0.1788676
piecewise_linear,8232356733117608449,0.003,reconstruction,1,0.0039646
piecewise_linear,8232356733117608449,0.003,transform,2,0.1782037
piecewise_linear,8232356733117608449,0.003,reconstruction,2,0.0039195
piecewise_linear,8232356733117608449,0.003,transform,3,0.1771461
piecewise_linear,8232356733117608449,0.003,reconstruction,3,0.0042497
piecewise_linear,8232356733117608449,0.003,transform,4,0.1818334
piecewise_linear,8232356733117608449,0.003,reconstruction,4,0.0041901
piecewise_linear,8232356733117608449,0.01,transform,0,0.0909748
piecewise_linear,8232356733117608449,0.01,reconstruction,0,0.0025624
piecewise_linear,8232356733117608449,0.01,transform,1,0.0880466
piecewise_linear,8232356733117608449,0.01,reconstruction,1,0.003482
piecewise_linear,8232356733117608449,0.01,transform,2,0.0911559
piecewise_linear,8232356733117608449,0.01,reconstruction,2,0.0031914
piecewise_linear,8232356733117608449,0.01,transform,3,0.0886791
piecewise_linear,8232356733117608449,0.01,reconstruction,3,0.0032133
piecewise_linear,8232356733117608449,0.01,transform,4,0.0885344
piecewise_linear,8232356733117608449,0.01,reconstruction,4,0.0030522
piecewise_linear,8232356733117608449,0.03,transform,0,0.013919
piecewise_linear,8232356733117608449,0.03,reconstruction,0,0.0004225
piecewise_linear,8232356733117608449,0.03,transform,1,0.0142808
piecewise_linear,8232356733117608449,0.03,reconstruction,1,0.0004144
piecewise_linear,8232356733117608449,0.03,transform,2,0.0143651
piecewise_linear,8232356733117608449,0.03,reconstruction,2,0.000413
piecewise_linear,8232356733117608449,0.03,transform,3,0.0145068
piecewise_linear,8232356733117608449,0.03,reconstruction,3,0.00049
piecewise_linear,8232356733117608449,0.03,transform,4,0.0144071
piecewise_linear,8232356733117608449,0.03,reconstruction,4,0.0004349
piecewise_linear,8232356733117608449,0.1,transform,0,0.0155217
piecewise_linear,8232356733117608449,0.1,reconstruction,0,6.82e-05
piecewise_linear,8232356733117608449,0.1,transform,1,0.0161155
piecewise_linear,8232356733117608449,0.1,reconstruction,1,7.28e-05
piecewise_linear,8232356733117608449,0.1,transform,2,0.0156003
piecewise_linear,8232356733117608449,0.1,reconstruction,2,6.82e-05
piecewise_linear,8232356733117608449,0.1,transform,3,0.0154302
piecewise_linear,8232356733117608449,0.1,reconstruction,3,6.78e-05
piecewise_linear,8232356733117608449,0.1,transform,4,0.0153231
piecewise_linear,8232356733117608449,0.1,reconstruction,4,6.7e-05
first_order_response,7754526753939400464,0.001,transform,0,0.2437608
first_order_response,7754526753939400464,0.001,reconstruction,0,0.0044315
first_order_response,7754526753939400464,0.001,transform,1,0.2325244
first_order_response,7754526753939400464,0.001,reconstruction,1,0.0046761
first_order_response,7754526753939400464,0.001,transform,2,0.2373893
first_order_response,7754526753939400464,0.001,reconstruction,2,0.004481
first_order_response,7754526753939400464,0.001,transform,3,0.2284328
first_order_response,7754526753939400464,0.001,reconstruction,3,0.0043629
first_order_response,7754526753939400464,0.001,transform,4,0.23071
first_order_response,7754526753939400464,0.001,reconstruction,4,0.0043214
first_order_response,7754526753939400464,0.003,transform,0,0.1829569
first_order_response,7754526753939400464,0.003,reconstruction,0,0.00392
first_order_response,7754526753939400464,0.003,transform,1,0.1842549
first_order_response,7754526753939400464,0.003,reconstruction,1,0.0038686
first_order_response,7754526753939400464,0.003,transform,2,0.1821511
first_order_response,7754526753939400464,0.003,reconstruction,2,0.0039546
first_order_response,7754526753939400464,0.003,transform,3,0.1895088
first_order_response,7754526753939400464,0.003,reconstruction,3,0.0050565
first_order_response,7754526753939400464,0.003,transform,4,0.1912587
first_order_response,7754526753939400464,0.003,reconstruction,4,0.0039321
first_order_response,7754526753939400464,0.01,transform,0,0.0916833
first_order_response,7754526753939400464,0.01,reconstruction,0,0.0024583
first_order_response,7754526753939400464,0.01,transform,1,0.0857034
first_order_response,7754526753939400464,0.01,reconstruction,1,0.0025507
first_order_response,7754526753939400464,0.01,transform,2,0.0905351
first_order_response,7754526753939400464,0.01,reconstruction,2,0.0026223
first_order_response,7754526753939400464,0.01,transform,3,0.084441
first_order_response,7754526753939400464,0.01,reconstruction,3,0.0025554
first_order_response,7754526753939400464,0.01,transform,4,0.0819617
first_order_response,7754526753939400464,0.01,reconstruction,4,0.0024565
first_order_response,7754526753939400464,0.03,transform,0,0.0142768
first_order_response,7754526753939400464,0.03,reconstruction,0,0.0003832
first_order_response,7754526753939400464,0.03,transform,1,0.0135738
first_order_response,7754526753939400464,0.03,reconstruction,1,0.0003668
first_order_response,7754526753939400464,0.03,transform,2,0.0144353
first_order_response,7754526753939400464,0.03,reconstruction,2,0.0003753
first_order_response,7754526753939400464,0.03,transform,3,0.0134341
first_order_response,7754526753939400464,0.03,reconstruction,3,0.0003645
first_order_response,7754526753939400464,0.03,transform,4,0.0137251
first_order_response,7754526753939400464,0.03,reconstruction,4,0.0003662
first_order_response,7754526753939400464,0.1,transform,0,0.019259
first_order_response,7754526753939400464,0.1,reconstruction,0,6.61e-05
first_order_response,7754526753939400464,0.1,transform,1,0.0188634
first_order_response,7754526753939400464,0.1,reconstruction,1,6.45e-05
first_order_response,7754526753939400464,0.1,transform,2,0.0188103
first_order_response,7754526753939400464,0.1,reconstruction,2,6.55e-05
first_order_response,7754526753939400464,0.1,transform,3,0.018819
first_order_response,7754526753939400464,0.1,reconstruction,3,6.46e-05
first_order_response,7754526753939400464,0.1,transform,4,0.018964
first_order_response,7754526753939400464,0.1,reconstruction,4,7.03e-05
second_order_response,3453063256976350239,0.001,transform,0,0.2349315
second_order_response,3453063256976350239,0.001,reconstruction,0,0.0055964
second_order_response,3453063256976350239,0.001,transform,1,0.2343747
second_order_response,3453063256976350239,0.001,reconstruction,1,0.0044254
second_order_response,3453063256976350239,0.001,transform,2,0.2347078
second_order_response,3453063256976350239,0.001,reconstruction,2,0.0044123
second_order_response,3453063256976350239,0.001,transform,3,0.2226137
second_order_response,3453063256976350239,0.001,reconstruction,3,0.0044961
second_order_response,3453063256976350239,0.001,transform,4,0.2343593
second_order_response,3453063256976350239,0.001,reconstruction,4,0.0044047
second_order_response,3453063256976350239,0.003,transform,0,0.17759
second_order_response,3453063256976350239,0.003,reconstruction,0,0.0044221
second_order_response,3453063256976350239,0.003,transform,1,0.1887417
second_order_response,3453063256976350239,0.003,reconstruction,1,0.0039738
second_order_response,3453063256976350239,0.003,transform,2,0.1818759
second_order_response,3453063256976350239,0.003,reconstruction,2,0.0038894
second_order_response,3453063256976350239,0.003,transform,3,0.174003
second_order_response,3453063256976350239,0.003,reconstruction,3,0.0037695
second_order_response,3453063256976350239,0.003,transform,4,0.1792863
second_order_response,3453063256976350239,0.003,reconstruction,4,0.0038628
second_order_response,3453063256976350239,0.01,transform,0,0.0838002
second_order_response,3453063256976350239,0.01,reconstruction,0,0.0026099
second_order_response,3453063256976350239,0.01,transform,1,0.0832909
second_order_response,3453063256976350239,0.01,reconstruction,1,0.00251
second_order_response,3453063256976350239,0.01,transform,2,0.0869486
second_order_response,3453063256976350239,0.01,reconstruction,2,0.0025317
second_order_response,3453063256976350239,0.01,transform,3,0.084773
second_order_response,3453063256976350239,0.01,reconstruction,3,0.002533
second_order_response,3453063256976350239,0.01,transform,4,0.0860949
second_order_response,3453063256976350239,0.01,reconstruction,4,0.0025911
second_order_response,3453063256976350239,0.03,transform,0,0.0148568
second_order_response,3453063256976350239,0.03,reconstruction,0,0.0004344
second_order_response,3453063256976350239,0.03,transform,1,0.0149079
second_order_response,3453063256976350239,0.03,reconstruction,1,0.0004509
second_order_response,3453063256976350239,0.03,transform,2,0.0142287
second_order_response,3453063256976350239,0.03,reconstruction,2,0.0004467
second_order_response,3453063256976350239,0.03,transform,3,0.014202
second_order_response,3453063256976350239,0.03,reconstruction,3,0.0004735
second_order_response,3453063256976350239,0.03,transform,4,0.0145022
second_order_response,3453063256976350239,0.03,reconstruction,4,0.0004592
second_order_response,3453063256976350239,0.1,transform,0,0.0129983
second_order_response,3453063256976350239,0.1,reconstruction,0,9.39e-05
second_order_response,3453063256976350239,0.1,transform,1,0.0130405
second_order_response,3453063256976350239,0.1,reconstruction,1,9.57e-05
second_order_response,3453063256976350239,0.1,transform,2,0.0129317
second_order_response,3453063256976350239,0.1,reconstruction,2,9.72e-05
second_order_response,3453063256976350239,0.1,transform,3,0.0130878
second_order_response,3453063256976350239,0.1,reconstruction,3,9.45e-05
second_order_response,3453063256976350239,0.1,transform,4,0.0130373
second_order_response,3453063256976350239,0.1,reconstruction,4,9.62e-05
regime_change,4695181564452026195,0.001,transform,0,0.2289638
regime_change,4695181564452026195,0.001,reconstruction,0,0.0051083
regime_change,4695181564452026195,0.001,transform,1,0.2260006
regime_change,4695181564452026195,0.001,reconstruction,1,0.0044986
regime_change,4695181564452026195,0.001,transform,2,0.2237333
regime_change,4695181564452026195,0.001,reconstruction,2,0.004315
regime_change,4695181564452026195,0.001,transform,3,0.2264969
regime_change,4695181564452026195,0.001,reconstruction,3,0.0048631
regime_change,4695181564452026195,0.001,transform,4,0.2302264
regime_change,4695181564452026195,0.001,reconstruction,4,0.0043414
regime_change,4695181564452026195,0.003,transform,0,0.2338638
regime_change,4695181564452026195,0.003,reconstruction,0,0.0039767
regime_change,4695181564452026195,0.003,transform,1,0.1854314
regime_change,4695181564452026195,0.003,reconstruction,1,0.0039844
regime_change,4695181564452026195,0.003,transform,2,0.1854603
regime_change,4695181564452026195,0.003,reconstruction,2,0.0042684
regime_change,4695181564452026195,0.003,transform,3,0.1874445
regime_change,4695181564452026195,0.003,reconstruction,3,0.0039485
regime_change,4695181564452026195,0.003,transform,4,0.1907865
regime_change,4695181564452026195,0.003,reconstruction,4,0.0041615
regime_change,4695181564452026195,0.01,transform,0,0.096904
regime_change,4695181564452026195,0.01,reconstruction,0,0.0033673
regime_change,4695181564452026195,0.01,transform,1,0.0902588
regime_change,4695181564452026195,0.01,reconstruction,1,0.0041693
regime_change,4695181564452026195,0.01,transform,2,0.0917538
regime_change,4695181564452026195,0.01,reconstruction,2,0.0026002
regime_change,4695181564452026195,0.01,transform,3,0.0891295
regime_change,4695181564452026195,0.01,reconstruction,3,0.0027592
regime_change,4695181564452026195,0.01,transform,4,0.0909717
regime_change,4695181564452026195,0.01,reconstruction,4,0.0026561
regime_change,4695181564452026195,0.03,transform,0,0.0163926
regime_change,4695181564452026195,0.03,reconstruction,0,0.0005886
regime_change,4695181564452026195,0.03,transform,1,0.0167679
regime_change,4695181564452026195,0.03,reconstruction,1,0.0005756
regime_change,4695181564452026195,0.03,transform,2,0.0173906
regime_change,4695181564452026195,0.03,reconstruction,2,0.0005729
regime_change,4695181564452026195,0.03,transform,3,0.0164006
regime_change,4695181564452026195,0.03,reconstruction,3,0.0005829
regime_change,4695181564452026195,0.03,transform,4,0.0170465
regime_change,4695181564452026195,0.03,reconstruction,4,0.0005741
regime_change,4695181564452026195,0.1,transform,0,0.0128505
regime_change,4695181564452026195,0.1,reconstruction,0,0.0002171
regime_change,4695181564452026195,0.1,transform,1,0.0123782
regime_change,4695181564452026195,0.1,reconstruction,1,0.0002182
regime_change,4695181564452026195,0.1,transform,2,0.0122071
regime_change,4695181564452026195,0.1,reconstruction,2,0.0002132
regime_change,4695181564452026195,0.1,transform,3,0.0125828
regime_change,4695181564452026195,0.1,reconstruction,3,0.0002158
regime_change,4695181564452026195,0.1,transform,4,0.0134994
regime_change,4695181564452026195,0.1,reconstruction,4,0.0002152
